,Q_1,Q_2,Q_3,Q_4,Q_5,Q_6,Q_7,Q_8,Q_9,Q_10,Q_11,Q_12,Q_13,Q_14,Q_15,alpha_risk,risk_label,gender,age,sex_orient,immigrant
0,0,1,0,1,0,0,1,1,1,1,1,1,1,0,1,1.7959694349939432,risky,1,4,0,0
1,0,0,0,1,1,1,0,1,0,0,1,1,0,1,0,0.05255778899607744,risky,0,2,0,0
2,1,1,1,0,0,1,0,1,0,0,0,0,0,0,0,-1.7929146756223944,safe,1,1,0,0
3,0,1,0,0,0,1,0,1,0,0,1,0,0,0,0,-2.3172752071595926,safe,0,0,0,1
4,0,1,0,1,1,1,0,1,1,1,1,0,0,0,1,1.0257292905029571,risky,1,1,0,1
5,1,1,1,1,0,1,1,1,1,1,1,0,1,1,1,2.5818087042564737,risky,1,4,0,1
6,0,1,1,0,0,1,1,0,0,0,1,0,0,0,0,-2.1840042451810833,safe,1,1,0,0
7,0,1,0,0,1,1,0,1,0,0,1,0,0,1,1,-2.1973923130771036,safe,0,1,1,0
8,0,1,0,0,0,1,0,1,1,1,0,0,1,0,1,-1.893837992846096,safe,0,2,0,0
9,1,0,1,0,1,0,0,0,0,0,0,0,0,1,0,-1.6688100321894592,safe,1,3,0,1
10,0,0,1,0,0,0,0,0,0,0,0,0,0,0,0,-2.8699382099469717,risky,0,0,0,1
11,1,0,0,1,0,1,0,0,0,0,0,1,0,0,1,-1.5697940031950195,safe,0,3,1,0
12,0,0,1,0,0,0,0,1,0,0,0,0,0,1,1,-2.4659079183496613,safe,0,1,0,0
13,1,0,1,0,1,0,0,0,0,1,0,0,0,1,0,-1.4825875989853792,safe,1,1,0,0
14,1,1,1,0,0,1,0,1,0,0,1,1,0,0,0,-2.500484485417221,safe,1,0,0,0
15,0,1,1,1,1,0,0,0,1,1,0,0,0,0,1,-1.944460188844956,safe,0,0,0,0
16,1,1,1,0,1,0,0,0,1,1,0,1,1,1,1,0.008377701365739676,risky,0,3,0,1
17,1,0,0,0,1,1,1,0,0,0,1,1,0,1,0,-1.346940571868913,safe,1,3,0,1
18,1,1,1,0,1,1,0,1,0,0,0,0,1,1,0,-1.1203147826973008,risky,0,0,0,0
19,0,1,0,0,0,0,1,1,0,0,0,0,0,0,1,-1.4872621271285125,safe,1,3,0,0
20,1,0,1,1,1,1,0,0,0,1,0,0,1,0,1,0.7156326705843497,risky,1,2,0,1
21,0,1,1,0,1,0,1,0,0,0,0,1,0,0,0,-2.05821402507182,safe,1,1,0,0
22,1,1,1,1,1,1,1,1,1,1,1,0,1,1,0,2.615621551708177,risky,0,0,0,0
23,0,0,0,1,0,0,0,0,0,0,1,0,0,1,1,-1.8771371568593138,safe,1,3,0,0
24,1,0,0,0,1,1,0,1,0,0,0,0,0,0,0,-2.1157590338277648,risky,1,4,0,0
25,0,0,1,0,1,0,1,1,0,1,1,1,1,0,1,0.16664150035256675,risky,0,4,0,0
26,1,1,1,0,0,1,1,1,0,1,1,0,0,1,0,0.979602967965824,risky,1,0,0,1
27,1,0,0,0,0,0,1,1,0,1,0,0,0,0,0,-1.3266150731210926,safe,1,4,0,0
28,0,1,1,1,0,1,1,0,1,1,1,1,1,0,1,2.083742331060983,risky,1,0,0,0
29,0,0,0,0,1,0,0,1,0,0,0,0,0,1,0,-2.3567230185497627,safe,1,4,0,0
30,0,0,0,0,0,0,0,0,0,0,0,0,1,0,1,-2.6126984634071997,safe,1,2,0,0
31,0,0,0,0,0,0,0,0,0,0,0,1,0,1,1,-2.169928939240583,safe,0,3,0,0
32,1,0,1,1,0,1,1,1,1,1,1,0,0,1,1,1.1573613650462282,risky,0,3,0,1
33,1,0,0,1,0,1,0,1,1,1,1,1,1,1,0,2.2384493800507146,risky,0,4,0,0
34,0,1,1,0,0,0,0,0,1,0,0,0,1,0,0,-2.627389662048787,safe,0,4,0,0
35,0,1,1,0,0,0,0,0,1,0,0,0,0,0,1,-2.1061015120155333,safe,1,2,0,0
36,0,1,1,0,1,1,1,0,1,1,1,1,0,1,0,0.7310769675591549,risky,1,1,0,1
37,0,0,1,0,1,1,0,0,1,0,1,1,1,0,1,0.5170192522362191,risky,0,3,0,1
38,0,0,1,0,1,0,0,0,0,0,0,0,0,1,1,-1.7401576861784593,safe,1,2,0,0
39,0,0,0,0,1,0,0,0,0,0,0,1,1,0,0,-1.859356900069812,safe,1,0,0,1
40,1,0,1,1,0,0,0,1,0,0,0,1,0,0,0,-0.10599919211042297,risky,1,2,0,1
41,0,1,1,0,1,1,1,0,0,0,1,1,0,0,0,-1.7483553824457185,safe,0,4,0,0
42,1,1,0,0,1,0,0,1,1,1,1,1,0,1,1,-0.05124546735224167,risky,1,3,0,1
43,1,0,1,0,0,0,1,1,1,1,0,1,1,1,1,1.1262261887184577,risky,0,3,0,1
44,0,0,0,0,1,0,0,1,0,0,0,0,0,1,0,-1.7693803939714248,safe,1,3,1,0
45,0,0,0,0,0,0,0,0,0,0,0,0,1,1,0,-2.9666881765601048,safe,1,2,0,0
46,0,1,1,1,1,1,1,0,1,0,1,1,1,1,1,1.8589469553447397,risky,0,1,1,0
47,0,0,0,0,0,0,1,0,1,0,1,1,0,0,1,-1.8205947381388456,safe,0,4,0,0
48,1,1,0,0,0,1,0,1,0,0,0,0,1,0,0,-1.7791867061043165,safe,1,0,0,0
49,0,1,0,0,0,0,1,1,0,0,0,1,0,1,0,-0.19871614875971655,risky,0,4,0,0
50,1,1,1,0,0,0,0,1,0,0,0,0,0,0,0,-1.4847925981477303,safe,0,0,0,1
51,0,0,0,0,1,0,0,1,1,0,1,1,0,1,1,-1.897959820344922,risky,1,4,1,0
52,1,1,1,1,1,1,1,0,1,1,1,1,0,0,1,2.1288130309514486,risky,0,3,0,0
53,0,0,1,0,1,0,1,0,1,1,0,1,1,1,1,-0.4644511409921116,risky,0,0,0,0
54,1,0,0,1,1,1,0,0,0,0,1,0,1,0,0,-0.5081927251107177,risky,1,4,0,0
55,0,0,0,0,0,0,0,0,0,0,1,0,0,0,0,-3.8540270305631052,safe,1,0,0,0
56,1,0,0,1,1,1,1,1,1,1,1,1,0,1,0,2.5267506940855324,risky,0,1,1,0
57,0,1,1,1,0,1,0,0,0,0,0,0,1,0,0,-1.5410250826274672,safe,0,4,0,0
58,1,1,1,0,0,0,0,0,0,0,0,0,0,0,0,-2.277699786948098,safe,1,2,0,1
59,0,0,0,0,0,0,0,0,0,1,0,0,0,1,1,-1.8456581091494297,safe,0,0,0,0
60,0,0,0,1,0,0,0,0,1,0,1,0,1,0,0,-0.9624681749513848,risky,1,3,0,1
61,0,0,0,0,1,0,1,1,1,0,1,1,0,1,0,-0.1188391285509286,risky,1,2,0,0
62,0,0,0,1,1,0,1,0,0,0,0,0,0,1,0,-2.0925600991958024,safe,1,0,0,0
63,0,1,0,0,1,0,0,1,0,1,0,1,0,1,0,-2.474979127342679,safe,1,2,0,0
64,0,0,1,0,1,0,0,1,0,0,0,1,0,1,0,-1.6953006868625162,risky,1,0,0,0
65,0,1,1,0,1,0,0,1,1,0,1,0,0,0,1,-1.891854001134057,safe,0,4,0,1
66,0,1,0,1,0,0,1,1,0,0,0,1,0,0,1,-2.0923309138197173,safe,1,0,0,1
67,0,0,0,0,1,0,0,0,0,1,0,0,0,0,0,-2.046970813913228,safe,1,3,0,1
68,1,1,0,0,1,0,0,1,0,1,0,0,0,0,1,-1.7833300748069494,safe,0,1,0,0
69,1,0,0,1,1,0,0,1,1,1,0,1,0,0,0,0.4194015248249991,risky,0,2,1,1
70,0,0,0,0,0,0,0,1,0,0,0,0,0,1,0,-0.5553733970475179,risky,1,4,1,0
71,0,1,0,0,1,0,0,1,0,0,0,0,1,0,0,-1.6877310281855755,safe,0,3,0,0
72,1,0,1,1,1,1,1,1,1,1,1,0,0,1,1,1.6275162421089346,risky,1,1,0,0
73,1,0,1,0,0,1,0,1,1,0,0,1,0,0,0,-0.27126160349187667,risky,1,3,0,0
74,0,0,0,0,1,0,0,1,0,1,0,0,0,0,0,-1.909260327626402,safe,0,2,0,0
75,1,1,1,0,0,0,0,0,1,0,1,1,0,1,0,-0.5928285243044253,risky,0,1,0,0
76,1,1,1,1,1,1,1,1,1,1,1,1,1,1,1,3.823858460871401,risky,0,4,0,0
77,0,1,0,0,0,0,1,1,0,1,1,1,0,0,0,-2.0721366957744753,safe,0,0,0,0
78,0,0,1,0,1,0,0,1,0,0,0,1,0,1,1,-1.1608228290685265,risky,0,2,0,1
79,0,1,0,0,0,1,0,0,0,0,0,0,0,0,0,-3.378852865943114,safe,0,2,1,0
80,0,0,0,0,1,0,0,0,0,1,0,1,0,1,0,0.03456698381472184,risky,1,3,0,0
81,0,0,1,0,0,0,0,1,0,0,0,0,1,1,0,-2.463210705021716,safe,1,4,0,0
82,1,0,0,1,0,0,1,0,1,1,0,0,1,0,1,0.2985507244802107,risky,1,0,0,0
83,0,0,1,1,1,1,1,1,1,0,1,1,0,1,0,0.8903358150226193,risky,1,4,0,1
84,0,0,0,0,0,0,0,1,0,0,0,0,0,0,0,-2.430687353634948,safe,1,4,1,1
85,0,0,0,0,0,0,0,0,0,0,0,0,1,0,0,-1.5414569513253296,safe,1,4,0,0
86,1,1,1,1,1,0,1,0,1,1,1,1,0,0,0,1.7730070851615543,risky,0,1,1,0
87,0,0,0,0,0,0,0,0,0,0,0,1,1,0,0,-1.4924406854923005,safe,1,2,0,1
88,0,1,1,0,1,1,0,0,0,0,0,0,1,1,1,-2.6386445867204102,safe,0,2,0,0
89,1,1,1,1,0,1,1,0,1,1,1,1,1,1,0,1.8034459670411727,risky,0,4,0,0
90,1,1,0,0,1,1,0,1,0,0,0,1,0,0,0,-1.0299476747846594,risky,0,2,0,1
91,0,1,1,1,1,1,1,1,1,1,1,0,1,0,1,1.367309725354529,risky,0,4,0,0
92,0,1,0,0,1,0,0,1,0,0,0,1,0,0,0,-3.282506973352011,safe,0,1,0,0
93,0,0,1,0,1,0,0,0,1,1,1,0,0,1,0,-0.8288725079901178,risky,1,1,0,0
94,1,0,0,1,0,0,0,0,0,0,0,0,1,0,0,-1.6085652684740457,safe,0,2,0,1
95,1,1,0,0,0,0,0,1,0,0,0,0,0,1,0,-1.257307212083917,safe,0,2,0,0
96,0,1,1,0,1,0,0,0,0,1,0,0,0,1,1,-1.936436752543716,safe,1,1,0,0
97,1,0,0,0,1,1,1,0,1,0,1,0,1,0,0,1.4342548232130146,risky,1,2,0,0
98,0,0,1,0,0,1,0,0,0,0,0,0,1,1,0,-2.170854456785444,safe,0,2,1,0
99,1,0,0,0,0,0,0,0,0,0,0,0,1,0,0,-2.1777310735671027,safe,0,0,0,0
100,0,1,0,1,0,1,0,0,0,0,0,0,0,0,0,-2.302277153544651,safe,1,2,0,1
101,0,0,0,0,0,0,0,1,0,0,0,0,0,0,0,-2.3016883617118316,safe,0,1,0,0
102,1,0,1,1,0,1,0,1,1,1,1,0,0,0,0,0.03045159312498613,risky,0,4,0,0
103,0,0,1,1,0,0,0,0,1,1,0,0,0,0,0,1.0121376032283518,risky,1,0,0,1
104,0,1,0,0,0,0,0,1,0,0,0,1,0,1,1,-2.9325329517550607,safe,1,1,0,0
105,0,0,0,1,0,0,1,0,0,0,1,0,0,0,1,-1.7173122799133542,safe,0,1,0,0
106,0,1,0,0,0,0,1,1,0,0,1,1,1,1,0,-0.9310545307659219,safe,0,4,0,0
107,1,0,1,1,0,1,1,1,1,0,1,0,1,1,0,1.028528583729797,risky,0,0,0,0
108,0,0,0,0,1,0,0,0,0,0,1,0,0,1,0,-2.842842517043591,safe,1,2,0,0
109,0,1,0,0,1,0,1,1,0,1,1,1,1,1,0,1.141458622988798,risky,0,3,0,0
110,0,1,1,1,0,1,0,1,0,1,1,0,1,1,1,2.191154518020201,risky,1,1,0,0
111,1,0,0,1,0,1,1,0,1,0,1,1,1,1,1,-0.648875045713752,risky,1,1,0,0
112,1,0,0,1,0,1,1,1,1,1,1,0,1,0,1,2.0331969237902054,risky,1,3,1,0
113,0,1,0,0,0,0,1,0,0,0,0,1,0,0,0,-2.8326672284936354,safe,1,3,0,1
114,1,0,1,1,0,0,1,1,0,1,0,1,0,1,1,0.45715470317928514,risky,0,4,0,0
115,1,1,0,0,1,0,1,1,0,0,0,0,0,0,0,-3.002051758685927,safe,1,1,0,1
116,0,0,1,0,0,0,0,0,0,0,0,1,0,0,0,-1.6257724912662097,safe,0,0,0,0
117,1,0,0,0,1,0,1,0,1,0,1,0,0,1,1,-0.8305316436125243,safe,0,3,0,0
118,0,1,0,0,0,0,0,0,0,0,1,1,0,0,0,-1.5796284479545935,risky,0,2,0,1
119,0,1,1,0,0,0,0,1,0,0,0,0,0,1,0,-2.7156165091822273,safe,0,3,0,0
120,1,1,0,1,0,1,0,1,1,0,0,0,0,1,1,1.9058368678591286,risky,0,0,0,0
121,1,0,0,0,0,0,0,0,0,0,0,0,0,0,0,-2.7221313801820513,safe,0,0,0,0
122,0,1,0,1,1,0,1,1,0,0,0,0,0,0,0,-1.0649983574486965,safe,0,1,0,0
123,0,1,0,0,1,0,0,1,1,0,1,0,1,0,1,-1.3390186550619196,safe,0,4,0,0
124,0,0,1,0,1,1,1,1,1,1,1,0,0,1,1,0.3421830986899176,risky,0,0,0,0
125,1,1,1,0,0,0,0,1,0,0,0,0,0,0,0,-2.7404813424887107,safe,1,3,0,0
126,1,1,1,1,1,0,1,0,1,1,0,0,0,1,0,1.5236769613064147,risky,0,2,0,0
127,0,0,0,1,0,0,1,1,0,0,1,0,0,0,0,-1.2577480726842951,safe,1,2,0,0
128,1,1,0,1,1,1,1,1,0,1,0,0,1,1,1,-0.1396091535147551,risky,1,0,0,0
129,0,1,1,0,0,1,1,0,1,0,1,0,0,0,1,-0.10593243248795703,risky,0,4,0,0
130,0,1,0,1,1,0,1,1,1,1,1,1,0,0,1,2.2553304961082326,risky,0,4,0,0
131,0,0,0,0,0,0,0,0,0,0,0,0,0,1,0,-1.8413476765783086,safe,1,3,0,0
132,1,0,0,1,1,0,1,0,0,1,1,1,1,0,1,1.4108349235148272,risky,0,3,0,1
133,0,0,1,0,0,1,0,0,0,0,0,1,0,0,1,-1.9465136540724306,safe,1,3,0,0
134,1,1,0,1,1,1,1,1,1,1,1,1,1,1,0,1.6226990860687733,risky,0,4,0,0
135,1,1,1,1,0,0,0,1,1,1,1,1,1,1,1,1.30864284409413,risky,0,0,0,1
136,1,0,0,0,1,0,0,1,0,1,0,0,0,0,1,-1.9181052304279205,safe,1,1,0,0
137,1,1,1,0,1,0,1,0,1,1,1,1,0,0,1,0.00834415271177913,risky,0,0,0,0
138,0,0,0,1,1,0,0,0,0,0,0,1,1,1,0,-1.5743662994489513,safe,0,1,0,0
139,1,1,0,0,0,0,0,1,1,1,1,1,0,1,0,1.8053881981656466,risky,1,2,0,0
140,0,0,0,0,0,1,0,1,1,0,0,0,0,0,0,-1.9925792380786593,safe,1,1,0,0
141,0,0,0,1,0,0,0,1,0,1,1,0,0,0,0,1.0229565597305557,risky,1,4,0,0
142,0,0,1,0,0,1,0,0,0,0,0,0,0,0,0,-2.832293102869196,safe,0,3,1,0
143,0,1,1,1,1,0,1,0,1,1,1,0,1,0,0,1.156037666361434,risky,0,0,0,0
144,1,1,1,1,0,0,1,0,1,0,0,1,0,1,1,0.7003124611589421,risky,1,2,1,0
145,1,0,0,1,1,0,1,1,1,0,0,0,1,1,1,0.122863217093023,risky,0,3,1,0
146,1,1,0,0,1,1,0,1,1,1,1,1,1,1,0,1.751707054603839,risky,1,2,0,0
147,1,0,1,1,0,1,1,0,1,1,1,1,0,0,0,0.6285968414348699,risky,0,3,0,0
148,0,0,1,0,1,0,0,0,0,0,1,0,0,0,1,-1.2308397216711784,safe,1,1,1,0
149,0,0,1,0,1,1,0,0,1,1,0,1,0,1,0,-1.6613342316852568,risky,0,2,0,0
150,0,0,1,0,0,0,0,1,0,0,1,0,1,1,1,-2.0386174086952167,safe,1,0,0,0
151,1,0,1,1,1,1,1,0,1,1,1,1,1,1,1,3.0734978098080306,risky,0,2,0,0
152,0,1,0,0,0,0,0,0,0,0,1,0,0,0,0,-2.6782745939826467,safe,0,3,0,0
153,0,0,0,0,0,0,0,1,0,1,1,0,0,0,1,-1.132548629530262,safe,0,3,0,1
154,1,0,0,0,0,1,0,1,0,1,0,1,1,1,1,-0.4812476685196342,risky,1,1,0,0
155,0,0,1,1,1,0,0,1,0,0,1,0,0,1,1,-1.1601705606635724,risky,0,4,0,0
156,0,1,1,1,0,0,0,1,0,0,1,0,1,1,1,1.007929690511054,risky,1,1,0,0
157,1,0,1,0,1,0,1,0,0,0,0,0,0,0,1,-2.3598814644062367,safe,0,0,0,0
158,0,0,1,0,0,0,0,1,0,0,0,0,0,1,0,-2.7339326021210457,safe,0,4,0,1
159,0,0,0,0,0,1,0,0,0,0,0,0,1,0,0,-1.970081233368898,safe,1,3,0,0
160,1,0,1,0,0,0,0,1,0,0,1,1,0,0,0,-1.8410324165484038,safe,0,4,1,0
161,0,1,0,0,0,0,0,1,0,0,0,0,0,1,0,-1.796520180176952,safe,1,0,0,0
162,0,0,0,0,0,0,0,1,0,0,0,1,0,0,0,-2.821843326826181,risky,1,1,0,1
163,0,0,1,0,0,0,1,1,0,1,0,0,1,0,0,-0.663108428955629,risky,1,0,0,0
164,1,0,0,1,0,1,0,0,1,0,1,0,1,1,0,-0.31149270849149213,risky,0,3,0,0
165,1,1,1,0,1,1,1,1,0,0,1,1,0,1,0,0.14062446329490313,risky,0,2,1,0
166,0,1,0,0,0,0,0,1,0,0,1,1,0,1,1,0.10287075615609087,risky,0,1,0,0
167,0,0,0,1,1,0,0,0,0,0,1,1,1,1,0,-1.5168540660782968,safe,0,1,0,0
168,1,0,1,1,0,1,1,1,1,1,1,0,0,0,0,1.7303528271000408,risky,0,4,0,1
169,0,1,0,0,1,0,0,0,1,0,0,1,0,0,0,-1.8831918739488918,safe,1,3,0,0
170,0,0,0,0,0,0,0,0,1,0,0,1,0,0,0,-2.789861079225422,safe,1,2,0,0
171,0,0,0,0,0,1,0,0,0,0,0,1,1,0,0,-1.904755950429968,safe,1,3,0,0
172,1,0,0,1,0,1,1,1,1,1,1,1,1,1,0,1.7735746459164996,risky,1,4,0,1
173,0,0,0,0,1,0,0,1,0,0,0,0,0,0,0,-1.2209781236844512,safe,0,0,0,1
174,0,0,0,0,1,0,0,1,0,1,0,0,0,1,0,-2.5019589556995165,safe,1,0,0,0
175,0,0,0,1,0,0,0,1,1,1,0,1,0,0,0,-0.484483784254767,risky,1,0,0,1
176,1,0,0,1,1,0,0,1,1,1,1,0,0,1,1,1.259827102399326,risky,1,3,0,0
177,0,0,0,0,0,0,0,0,1,1,0,1,1,1,1,-1.2244606261879851,safe,1,0,0,0
178,0,0,1,1,1,0,0,1,1,0,1,1,1,1,1,-0.032610796938615794,risky,0,3,0,0
179,0,0,0,0,1,0,0,1,0,1,0,0,1,0,0,-3.2372273961069338,safe,1,0,0,0
180,0,1,0,0,1,0,1,0,0,0,0,0,1,1,1,-0.11950379447068349,risky,0,3,1,0
181,0,0,1,0,1,1,0,0,0,0,0,0,1,0,0,-0.8747217289415061,risky,1,0,0,0
182,1,1,0,1,1,1,0,1,1,1,1,1,0,1,0,1.3941405530318947,risky,1,2,0,1
183,0,1,1,0,0,0,0,1,0,0,0,0,1,0,1,-2.8065805195875564,safe,0,0,1,0
184,0,0,0,1,0,0,0,1,0,0,1,0,0,0,0,-2.029470075424306,safe,0,3,0,0
185,1,0,0,0,0,1,0,0,1,1,1,1,1,1,1,-0.019409418799029687,risky,0,3,0,1
186,0,1,0,1,0,0,0,1,0,0,0,0,0,0,0,-2.3347783573415652,safe,1,2,0,0
187,0,0,1,0,0,0,0,0,0,0,1,1,0,0,0,-2.34049760314164,safe,0,3,0,0
188,0,0,0,0,0,0,1,0,0,1,0,1,0,1,1,-1.1039148436200272,safe,1,3,0,0
189,1,1,0,0,1,0,0,1,0,1,1,1,0,1,0,-1.2085429546717332,safe,1,3,0,0
190,0,0,0,0,1,0,0,0,0,0,0,0,0,1,0,-2.3296228163424217,safe,1,2,0,1
191,0,1,0,1,1,1,0,0,1,0,0,0,1,1,0,1.0356451311381116,risky,0,4,1,1
192,1,1,1,0,1,0,0,1,0,0,0,0,0,0,0,-0.5399689699190957,risky,1,3,1,0
193,0,0,0,0,0,1,0,0,0,0,0,0,1,1,0,-1.797544243402914,safe,1,2,0,0
194,0,0,1,0,1,1,1,0,0,1,1,0,1,1,1,-0.5097148488461871,risky,1,2,0,0
195,1,0,0,0,0,1,0,0,0,1,1,0,0,1,1,-1.595249413115627,safe,0,1,0,0
196,0,1,0,1,0,0,1,1,1,0,0,1,1,0,1,-0.4585099703102087,risky,1,3,0,0
197,0,0,0,0,0,0,0,0,0,0,0,0,0,0,0,-2.250395681138109,safe,1,2,0,1
198,0,0,1,1,1,0,0,0,0,1,1,1,1,1,1,-0.3813926737734963,risky,1,2,0,0
199,1,1,0,1,1,1,1,1,0,0,1,1,1,1,1,0.025245442474894964,risky,1,3,0,0
200,0,0,1,0,0,0,1,0,0,0,0,0,0,1,1,-1.8781903210345834,safe,0,4,0,0
201,1,0,0,0,0,0,0,0,0,0,1,0,0,1,0,-1.2860243450004423,safe,1,4,0,1
202,1,0,0,0,1,0,0,1,0,1,0,0,0,0,0,-0.8609409704443334,risky,1,1,1,1
203,1,1,1,1,1,1,0,0,0,0,0,1,1,1,0,1.3660858817518409,risky,0,2,0,1
204,0,0,1,0,0,0,0,1,0,1,0,1,1,1,0,-0.6738919171217264,risky,0,0,0,0
205,0,1,0,0,0,0,1,1,1,0,0,1,1,0,0,-0.5173998649575553,risky,0,3,1,0
206,0,1,1,0,1,1,0,1,0,1,1,0,0,1,0,0.8625094461435581,risky,1,0,0,0
207,0,1,1,0,0,0,0,0,0,0,0,0,0,0,1,-2.308662875977803,safe,1,4,0,0
208,1,0,1,0,1,1,0,0,0,0,0,0,0,0,0,-1.1101634682088237,safe,1,3,0,0
209,1,0,1,0,1,1,1,0,0,0,0,0,0,0,0,-2.480631669895263,safe,1,2,1,1
210,1,0,0,0,1,0,0,0,1,0,0,1,0,0,1,-2.16986911094249,safe,0,1,0,0
211,1,0,1,1,1,1,1,1,1,1,1,1,1,0,1,2.2267646365767613,risky,0,3,0,0
212,0,0,0,0,0,0,0,0,0,0,1,1,0,0,0,-2.078728692906568,safe,0,0,0,0
213,0,1,0,0,1,0,0,0,0,0,0,0,0,0,1,-2.0703736952392866,safe,0,2,0,0
214,0,0,0,0,0,1,0,0,0,0,0,0,0,1,0,-2.7015456040146137,safe,1,4,0,0
215,1,0,1,1,0,1,0,1,1,0,1,0,0,1,0,0.02304916575109578,risky,0,0,0,0
216,1,1,0,0,0,1,1,1,0,1,1,1,1,0,1,2.363349545097741,risky,1,4,0,1
217,0,1,0,0,1,0,0,0,0,0,0,0,0,1,0,-1.5760962331488844,risky,0,2,0,0
218,0,0,0,1,1,1,0,1,0,1,0,0,1,0,1,-0.5589023740573513,risky,1,0,0,1
219,0,1,0,0,0,1,0,1,0,0,0,0,0,0,0,-2.4638586363310373,safe,0,2,0,0
220,1,1,0,1,0,0,1,1,0,0,0,1,0,1,1,-0.37746004089982055,risky,0,1,1,0
221,1,0,1,0,0,0,1,1,0,1,0,1,0,0,0,0.6803988202640155,risky,0,4,0,1
222,0,0,0,0,0,1,1,1,0,0,0,1,0,1,0,-2.2280858389233975,safe,0,4,0,1
223,0,1,1,0,0,1,0,1,1,0,0,0,0,1,1,-1.1204411338838862,risky,0,2,1,1
224,1,1,0,0,0,0,1,0,1,0,0,0,0,0,0,-0.39971987318865,safe,0,4,0,1
225,0,0,0,0,0,1,1,0,1,1,1,1,1,0,0,1.4167138196499978,risky,1,0,1,0
226,0,1,0,0,0,1,0,1,0,1,0,0,0,0,0,-2.4245669803541166,safe,1,4,0,0
227,0,1,1,0,0,0,1,0,0,0,0,0,1,0,0,-1.3062142134058838,safe,0,2,0,1
228,1,1,1,0,1,1,0,0,0,1,1,1,1,1,1,-0.8025169706986026,risky,0,4,0,0
229,0,0,0,0,0,0,1,1,0,0,1,1,0,0,0,-2.285395742642245,safe,1,2,1,0
230,1,0,1,1,0,1,1,1,0,1,1,1,1,1,1,0.6495240833150657,risky,1,4,0,0
231,0,0,0,0,0,0,0,1,0,0,1,0,1,0,1,-1.9581137302352984,safe,0,3,0,0
232,0,1,0,0,1,0,1,0,0,0,0,0,0,1,1,-1.6828455336674375,safe,1,3,0,0
233,1,0,1,0,1,0,1,1,1,1,1,0,0,1,1,0.7785849313906292,risky,1,0,0,0
234,0,1,0,0,1,0,0,0,0,0,0,0,0,0,0,-2.79519215678326,safe,1,1,1,0
235,0,0,0,0,1,1,0,0,0,0,1,0,0,0,1,-2.585015101215106,safe,0,2,0,0
236,0,1,0,1,0,1,1,0,1,1,1,1,0,1,1,0.9221036565189031,risky,0,2,0,0
237,0,0,0,0,0,1,0,0,0,0,0,0,0,1,0,-2.5060651599103445,safe,1,1,0,0
238,0,0,0,1,1,1,0,1,0,1,1,1,1,1,1,-0.19049932987146512,risky,0,0,0,0
239,1,1,0,1,1,0,0,1,1,0,1,1,1,0,1,0.6191440121449157,risky,1,1,0,0
240,1,1,1,1,1,0,0,1,0,1,1,1,0,0,0,1.6767499513992739,risky,1,2,0,1
241,0,0,0,0,0,0,0,0,0,0,0,0,0,0,0,-2.3357110344370278,safe,0,0,0,1
242,0,0,0,1,1,1,1,1,0,0,0,0,0,1,0,-2.3483696812930757,safe,0,0,0,1
243,0,0,1,0,1,1,1,1,0,0,0,0,0,1,1,-1.7200855402780753,safe,0,3,0,1
244,0,0,0,0,0,0,0,1,0,0,0,1,1,0,0,-1.6084138990896066,safe,0,1,0,0
245,0,1,0,1,1,1,1,1,1,0,1,0,1,0,1,2.1186852066973536,risky,1,0,1,0
246,0,0,0,0,0,0,1,0,0,0,1,0,0,0,0,-2.6772276182300714,safe,0,1,0,0
247,1,0,1,1,0,1,0,0,1,0,0,0,1,1,1,0.7674810926727189,risky,1,0,1,0
248,0,0,0,0,0,1,0,1,0,0,0,0,0,0,0,-2.302564610385725,safe,1,4,0,0
249,0,0,0,0,0,1,0,1,0,0,0,1,0,1,1,-1.7092881560915856,safe,0,1,0,0
250,1,0,1,1,1,1,0,0,1,0,1,1,1,0,0,1.2385763687909073,risky,1,4,0,0
251,1,1,1,1,0,1,1,1,0,1,1,1,0,0,1,-0.019780374528875155,risky,0,4,0,0
252,0,1,0,0,0,0,1,0,0,0,0,1,0,0,1,-1.7395142981022422,risky,1,4,0,0
253,0,1,0,0,1,0,0,1,0,0,0,1,0,0,1,-2.3024788029051804,risky,1,4,1,0
254,0,0,0,1,0,0,0,0,0,0,0,0,0,0,1,-2.022864852944253,safe,0,2,0,0
255,0,1,0,0,0,0,0,1,1,0,0,0,0,1,1,-1.4807239825507472,safe,1,0,0,0
256,0,1,0,1,0,1,0,0,0,0,1,1,1,1,1,1.8250075383958066,risky,1,4,0,0
257,0,1,0,1,0,0,0,1,0,1,1,0,0,1,1,1.3148736150643496,risky,1,2,0,0
258,0,1,1,0,1,0,1,1,1,0,1,0,0,1,1,-2.1987142429169895,safe,1,1,0,1
259,0,0,0,0,0,1,0,0,0,0,1,0,1,1,0,-2.044406595989707,safe,0,1,0,0
260,0,1,0,1,1,0,0,1,0,1,1,1,1,0,0,0.14340080869759936,risky,0,1,0,0
261,0,0,0,0,0,0,0,0,0,0,0,0,0,1,0,-2.6809929726937636,safe,0,4,0,0
262,0,1,0,0,0,0,0,0,0,0,1,0,0,0,0,-2.542841515608117,safe,0,3,1,0
263,0,1,0,1,1,0,0,1,0,0,0,1,1,1,1,-1.7133776649592414,safe,1,1,0,1
264,0,0,0,1,1,0,0,1,1,1,1,0,1,0,0,-0.991875192943019,risky,0,3,0,0
265,1,0,0,1,0,0,1,0,0,1,0,1,0,0,0,0.1483784807210276,risky,0,3,0,0
266,0,1,0,0,1,0,0,1,1,1,0,0,0,0,0,-2.834172961272309,safe,0,4,1,1
267,0,0,1,0,1,0,1,0,0,0,0,1,1,0,0,-2.246217741886583,safe,0,3,0,0
268,0,0,0,0,0,0,0,0,0,0,1,0,0,0,0,-2.4554327249653523,safe,0,2,0,0
269,0,0,0,0,0,0,0,0,0,0,0,0,0,0,0,-2.3860698220220553,safe,0,0,0,1
270,0,0,0,0,0,1,1,1,0,0,0,1,0,0,0,-2.04093820020235,safe,1,0,0,0
271,1,1,0,0,1,1,0,0,1,0,1,1,0,1,0,-1.3020699901592638,safe,0,3,0,1
272,1,0,1,0,0,0,1,1,1,1,1,1,0,0,0,0.5380554435193254,risky,0,1,0,0
273,0,0,0,0,1,0,0,0,0,0,1,1,0,1,0,-2.152592914876156,safe,0,0,0,0
274,0,0,0,0,1,0,0,1,0,0,0,0,0,0,0,-3.186058189610475,safe,1,3,0,0
275,0,0,1,0,1,0,0,0,0,1,0,1,1,0,1,-0.13226276134991577,risky,0,0,0,0
276,0,0,0,0,0,0,0,0,0,0,0,0,0,0,0,-1.8331279918222112,safe,0,1,0,0
277,0,0,0,0,0,1,1,1,1,1,0,1,0,1,0,-1.5337118815952249,safe,1,0,0,0
278,0,0,0,0,0,0,1,1,1,0,0,0,0,1,0,-0.4718930943006754,risky,1,2,0,0
279,1,0,1,1,1,1,0,1,1,1,1,1,1,1,1,2.838031844745363,risky,1,4,1,0
280,0,0,0,0,1,0,0,0,0,0,0,1,0,0,0,-3.3601078923637733,safe,0,2,0,0
281,0,1,1,1,1,0,0,0,1,1,1,1,1,1,0,0.8408544901404054,risky,0,2,1,1
282,1,0,0,1,1,0,1,1,1,1,1,0,1,1,0,0.12102885976490096,risky,1,0,0,0
283,0,0,1,0,0,0,1,0,0,0,0,1,0,0,0,-1.1623862881322982,safe,1,0,0,0
284,1,0,1,0,1,1,0,0,0,0,0,1,0,1,0,-2.549186465380304,safe,1,3,0,0
285,1,0,0,0,1,1,0,0,1,0,1,0,1,0,1,-1.4506596904988482,safe,0,3,0,0
286,0,0,0,0,0,0,0,1,0,0,0,0,0,1,0,-2.2664785736223747,safe,0,3,0,0
287,0,0,1,1,0,0,0,0,1,0,1,1,1,0,0,0.0539715089709798,risky,1,3,0,0
288,0,0,0,0,1,0,0,0,0,0,0,0,0,1,1,-1.816800803931305,safe,0,0,1,1
289,0,0,0,0,0,0,0,0,0,0,0,1,0,0,0,-0.8117906750836938,risky,1,3,1,0
290,1,0,0,1,0,0,1,0,1,1,1,1,1,1,0,0.8153331295538018,risky,0,0,0,0
291,0,1,0,0,0,1,0,0,0,0,0,0,0,1,0,-1.3254897147778424,safe,0,0,0,1
292,0,0,0,0,1,1,0,1,0,0,0,1,0,1,0,-2.2238566992098723,safe,0,4,0,1
293,0,1,0,0,0,1,0,1,0,0,0,0,0,1,1,-1.5719082284254622,safe,1,3,0,0
294,0,1,0,0,0,1,0,0,0,0,0,0,0,1,1,-1.687292739362031,safe,1,0,0,0
295,0,1,1,0,1,0,0,0,0,0,1,0,0,0,0,-1.6189696983679738,safe,1,4,0,1
296,1,1,1,0,0,1,0,1,0,0,1,0,1,1,0,0.008966343427326107,risky,1,1,0,1
297,1,0,1,0,0,1,0,1,0,0,1,0,1,0,0,-2.0266108890994956,safe,1,2,0,0
298,1,1,1,0,0,0,0,0,0,0,1,0,0,1,0,-1.8428038016060226,safe,1,3,0,0
299,1,1,0,0,0,0,0,0,1,1,1,1,1,1,1,-0.3014067738071674,risky,0,0,1,0
300,0,0,0,0,0,0,0,0,0,0,0,1,1,0,1,-1.0834600907218142,safe,0,4,0,0
301,0,1,1,0,0,0,0,0,0,0,0,0,1,0,1,-2.9666663234218467,safe,1,1,0,0
302,0,0,1,1,1,0,1,0,1,1,1,1,1,1,0,0.8060373145200678,risky,0,2,0,1
303,0,1,0,0,0,1,0,0,0,0,0,0,1,0,1,-1.106947022439453,risky,1,0,0,0
304,0,0,0,0,1,0,1,0,1,0,0,1,0,0,0,-1.2590262898784763,safe,0,2,0,1
305,0,0,0,0,0,0,0,0,0,0,1,0,0,0,0,-2.4263481034398593,safe,1,2,0,0
306,1,1,1,0,0,1,1,0,1,1,1,1,0,1,1,2.0177898185075884,risky,0,1,0,1
307,0,0,0,0,1,0,0,1,1,0,0,1,0,0,1,-1.1130109018323782,safe,0,3,0,0
308,1,1,0,1,1,1,1,1,1,1,1,0,1,1,1,3.5336894701315007,risky,1,2,1,0
309,1,0,0,0,1,0,0,0,0,0,1,0,1,0,0,-2.329001342830806,safe,0,1,1,0
310,0,0,0,1,0,1,1,1,0,0,0,0,0,1,1,-2.6964962359521603,safe,1,4,0,0
311,0,1,0,1,0,1,1,0,0,1,1,1,0,0,1,-0.28112978706521774,risky,1,3,0,1
312,0,0,1,1,0,1,0,1,1,1,1,0,0,1,0,1.4390475108504566,risky,1,2,0,0
313,0,1,0,0,0,0,0,0,0,0,0,0,0,0,0,-2.065736209103304,safe,1,4,0,1
314,0,0,1,0,0,0,0,0,0,0,1,1,0,0,0,-1.967141267151111,safe,0,2,1,0
315,1,1,0,0,1,0,0,1,0,1,1,0,1,1,0,-1.5732632420749348,safe,0,1,0,0
316,1,1,0,0,1,1,1,1,1,0,1,1,0,0,0,1.3962065888133668,risky,0,2,1,0
317,0,1,0,1,1,1,1,0,0,1,0,0,0,1,0,-1.3719523957757624,safe,1,0,1,0
318,1,1,0,1,1,1,0,1,1,1,1,1,1,1,0,2.0362270101970124,risky,0,1,0,0
319,0,0,0,1,1,1,0,1,0,0,0,0,0,0,1,-2.6605742422422067,safe,0,3,0,0
320,0,0,1,1,1,1,1,1,0,1,1,1,1,1,1,1.2569872220477818,risky,0,1,0,0
321,0,1,1,0,1,0,0,0,0,0,0,0,0,1,0,-1.259867485311355,safe,1,3,0,0
322,1,0,1,0,0,0,0,1,1,0,1,0,0,0,0,-1.5603813103887738,safe,0,3,0,0
323,0,0,1,0,0,0,0,0,0,0,0,0,0,1,1,-1.7051213348243064,safe,0,2,1,0
324,1,1,1,0,1,1,0,0,1,0,1,0,1,1,1,1.072897302220439,risky,1,4,0,0
325,0,1,0,0,0,1,0,1,0,0,1,0,0,1,0,-1.7749137159701676,safe,1,4,1,0
326,1,1,0,1,1,0,1,0,1,1,1,1,1,1,0,1.4013630040263907,risky,0,1,0,0
327,0,0,0,0,1,0,1,1,1,0,0,0,0,1,0,-2.2404803122913703,safe,0,0,1,0
328,1,1,0,0,1,1,1,1,0,1,1,0,0,1,0,0.20096267920203975,risky,1,3,1,0
329,1,0,1,1,0,1,1,0,1,1,1,1,1,1,0,2.2828677196848925,risky,0,0,0,1
330,0,1,0,0,0,0,1,0,1,1,1,1,0,0,0,-0.2919849155187705,risky,1,1,0,1
331,1,1,1,0,0,0,0,0,0,0,1,1,0,1,1,-0.9870115601023415,safe,0,3,1,1
332,0,0,1,0,1,0,1,1,0,0,0,0,0,0,1,-1.915782823010323,risky,1,4,0,0
333,0,0,0,0,0,0,0,0,0,1,0,0,1,0,0,-1.989387253314883,safe,0,3,0,0
334,1,0,1,1,0,1,1,1,0,1,0,0,1,0,0,0.6177777763262526,risky,0,1,1,0
335,0,0,0,0,0,1,0,0,0,0,0,0,0,0,0,-1.7670332797926127,safe,0,1,0,0
336,1,1,1,0,0,0,0,0,0,1,0,1,0,1,1,-1.0812553588516645,risky,0,1,1,0
337,0,1,0,0,1,0,1,0,0,0,0,1,0,1,1,-2.1167586325223944,safe,0,1,0,0
338,1,1,0,0,0,1,0,0,0,0,1,0,0,0,1,-2.0481549780329815,safe,0,4,0,0
339,0,0,1,0,0,0,0,1,0,0,0,1,0,0,0,-1.975954147961774,safe,1,0,0,0
340,0,0,1,0,0,0,0,0,1,0,0,0,0,0,0,-2.3739461385517746,safe,1,1,0,0
341,1,0,0,0,1,1,0,0,1,1,1,1,0,0,0,1.5377479570211383,risky,1,1,0,0
342,1,0,0,0,1,1,0,0,1,0,0,1,0,1,0,-1.85162681848224,safe,0,1,0,1
343,1,1,0,0,1,0,0,1,0,0,0,1,0,0,1,-0.19054004291344662,risky,1,2,1,0
344,1,1,1,0,0,1,0,0,1,1,1,0,1,1,1,-0.14147518828965855,risky,1,0,0,0
345,1,0,0,0,0,1,0,1,1,0,0,0,0,0,0,-1.9707725926960737,safe,1,4,0,1
346,1,0,0,1,1,0,1,1,1,0,1,0,1,1,0,0.5602185627715746,risky,0,0,1,0
347,1,1,1,0,0,1,1,1,0,0,0,1,0,0,0,-0.28020688648357084,risky,1,4,0,0
348,1,1,1,0,1,1,0,1,1,0,1,0,1,1,1,0.002179841477284117,risky,1,1,0,1
349,1,0,1,1,1,1,0,1,0,1,1,0,1,1,0,0.5323623112261158,risky,1,3,1,0
350,0,0,0,0,0,1,0,0,0,1,0,0,1,0,0,-1.8199654542622241,safe,0,1,0,0
351,0,0,1,0,0,1,0,1,0,0,0,0,0,0,0,-2.3418520494230006,safe,1,0,0,0
352,0,0,1,1,1,1,1,1,1,1,1,0,1,1,0,0.2238585747125042,risky,0,1,0,0
353,0,0,1,1,1,1,0,1,1,1,1,0,1,1,1,0.8267285268537294,risky,0,3,0,0
354,0,0,1,0,0,1,0,1,0,1,0,1,0,0,0,-0.9885960590435623,safe,0,0,0,0
355,0,0,0,0,0,0,0,0,0,0,0,0,0,1,0,-2.648320397710541,safe,1,3,0,0
356,0,0,1,0,0,0,0,0,0,0,0,1,0,0,0,-1.9110630436416463,safe,0,0,0,0
357,0,1,1,1,1,1,1,1,1,1,1,1,1,1,1,3.048806845367097,risky,1,3,0,0
358,0,0,1,0,0,1,1,1,0,0,0,0,0,1,1,-1.3548198986980804,safe,0,4,0,1
359,1,0,1,1,1,0,0,0,1,1,1,1,1,1,1,2.7809970311177494,risky,1,1,1,0
360,0,0,0,0,0,0,0,1,0,0,0,1,1,1,1,-1.6980846080973295,risky,0,3,0,0
361,1,0,0,0,1,1,1,1,1,1,1,1,0,1,0,0.6014630338882921,risky,1,4,0,1
362,1,0,0,0,1,0,0,0,0,0,0,0,0,1,0,-2.533912637299049,safe,0,0,0,0
363,0,1,1,0,1,0,0,1,0,1,0,0,0,0,0,-1.6125722056661655,safe,0,0,0,0
364,1,1,0,0,0,1,0,0,0,1,0,0,1,1,0,-0.025786254397777486,risky,1,2,0,0
365,1,0,0,0,0,0,0,1,1,0,0,0,0,1,0,-1.27014870054631,safe,0,1,0,0
366,0,0,0,1,1,1,1,0,1,1,1,1,0,0,0,0.6503062925974755,risky,1,3,0,0
367,1,0,1,1,0,1,0,1,0,0,1,0,0,1,1,1.2027747348089664,risky,1,1,0,1
368,0,0,0,0,0,0,1,1,0,0,0,0,0,1,0,-2.150510666668393,risky,1,0,0,0
369,1,1,1,1,1,1,1,1,1,1,0,1,0,1,1,1.927437893291041,risky,1,3,0,0
370,1,0,0,0,0,0,1,1,0,0,0,0,1,0,1,-1.284066938350802,safe,0,0,1,0
371,1,0,0,1,1,1,1,0,1,0,0,1,0,1,0,0.04542259680095173,risky,0,3,0,0
372,0,0,0,0,0,0,0,0,0,0,0,1,0,1,0,-1.617825302400758,risky,0,4,0,0
373,0,0,0,0,0,1,0,0,0,0,1,1,0,0,0,-0.6295339366178472,risky,0,4,0,0
374,0,1,1,0,0,1,0,0,0,0,1,1,0,1,1,-2.4974160053280796,safe,0,2,0,1
375,1,1,1,0,1,1,0,1,1,1,0,1,0,1,1,-0.20448824361630435,risky,1,2,0,0
376,0,0,1,1,1,0,0,0,0,1,1,1,1,0,0,-0.05573731295778461,risky,1,2,0,0
377,1,0,0,0,1,0,0,1,0,0,0,0,1,0,0,-2.056235242346925,safe,1,3,0,0
378,0,1,0,0,1,0,1,1,0,0,0,1,1,0,1,-0.8839851321954,safe,1,0,0,0
379,1,1,0,1,1,0,1,1,1,1,1,0,1,1,1,1.215444580785968,risky,1,3,1,0
380,0,1,0,0,0,0,0,1,0,0,0,0,0,1,0,-2.095480203696914,safe,1,3,1,0
381,1,0,1,0,0,1,1,1,1,1,0,0,1,0,1,1.4916215153571515,risky,1,2,0,0
382,0,0,0,1,1,0,0,1,1,0,1,0,0,0,0,-2.2183359189282905,safe,1,4,0,0
383,0,0,0,1,1,0,1,0,1,0,1,1,1,0,1,0.24169335327434327,risky,0,4,0,1
384,0,0,0,0,0,0,1,0,1,1,1,1,0,0,1,-0.06761326518124988,risky,0,3,0,1
385,1,0,0,0,0,0,0,0,0,1,1,0,1,1,0,-0.6451463784272666,risky,0,3,0,0
386,1,0,0,0,1,1,1,1,0,1,1,1,1,0,0,0.6931588497256644,risky,0,0,0,1
387,0,1,1,0,0,0,0,0,0,0,0,0,0,1,0,-1.791972226818953,safe,0,3,0,0
388,0,0,1,0,1,0,0,1,1,1,1,1,1,1,1,0.6311690253900712,risky,0,1,0,1
389,0,0,0,0,1,0,0,1,1,0,1,1,0,1,0,-2.4457087534951096,safe,1,1,0,0
390,0,0,0,0,1,0,0,1,0,0,1,0,0,1,0,-2.868263494379396,safe,0,3,0,0
391,0,1,0,1,1,0,0,1,0,0,0,1,0,1,0,-2.293834076485089,safe,1,4,0,0
392,1,0,0,1,1,0,1,0,1,1,1,1,1,1,1,1.8051698131325824,risky,0,4,0,1
393,0,1,0,0,1,1,1,0,0,0,0,0,1,1,1,-1.6642183823375603,safe,0,2,0,0
394,1,0,1,0,0,0,0,0,0,0,1,0,0,1,0,-1.6895553762540074,safe,1,2,0,0
395,0,0,0,1,1,0,0,1,0,0,0,0,0,1,0,-0.7185211807581215,safe,1,1,1,0
396,0,0,1,0,1,0,0,0,0,0,0,0,0,0,0,-2.386305360616488,safe,0,3,0,1
397,0,0,1,1,1,0,0,1,1,1,1,1,1,0,1,2.6475557633545836,risky,1,4,0,1
398,1,0,1,1,0,1,1,0,1,1,1,0,1,0,0,1.2147110186315007,risky,0,4,0,1
399,1,0,0,0,1,0,0,1,0,0,0,0,0,0,0,-2.92190668269725,safe,0,4,0,0
400,0,0,0,1,1,1,1,0,0,0,0,0,1,1,1,-1.4408579378592226,safe,0,1,0,0
401,0,1,0,0,0,0,1,0,0,0,1,1,0,0,0,-0.5019850876741228,risky,0,4,0,0
402,1,1,0,0,0,0,0,0,0,0,1,1,0,1,0,-1.8066980757030113,safe,1,1,0,0
403,0,1,1,0,0,1,0,1,0,0,0,1,1,0,1,-1.5321803003466223,safe,1,4,0,0
404,1,0,0,1,0,0,1,0,1,1,1,1,0,1,0,1.7959251161863061,risky,1,0,0,0
405,0,1,1,0,1,0,0,1,0,1,1,1,0,0,1,-0.8108546148943703,safe,0,2,0,0
406,0,1,0,0,1,0,0,0,0,1,1,1,0,1,1,-2.2612792474869963,safe,1,1,0,0
407,1,1,1,1,0,0,1,1,0,1,1,1,1,0,0,0.8770312202941399,risky,1,0,1,1
408,1,1,1,1,1,1,1,1,1,0,1,0,1,0,0,1.1991086726628253,risky,1,4,0,1
409,1,0,0,0,1,0,0,0,0,0,1,1,1,1,0,-2.1408050121661426,safe,0,4,1,0
410,1,0,0,1,0,1,1,0,1,1,0,0,1,1,0,0.6080732209778241,risky,0,4,0,0
411,0,0,0,0,0,0,1,0,0,0,0,1,0,0,0,-2.4630923551440893,safe,0,4,0,1
412,1,1,0,1,0,0,1,1,0,1,0,1,0,0,0,1.2128241756732527,risky,1,0,0,1
413,1,1,0,1,0,1,0,1,1,1,0,1,0,1,0,0.2761316011168192,risky,1,3,0,0
414,0,0,0,0,0,0,0,1,1,0,0,0,1,0,0,-1.6490637933355172,risky,1,2,0,0
415,0,0,0,0,1,0,0,0,1,1,0,0,1,0,1,0.15622127279800857,risky,0,4,1,0
416,1,1,0,0,1,0,0,1,1,0,0,0,0,1,0,-2.114007557026674,safe,1,0,0,0
417,1,0,0,1,1,1,0,1,1,1,0,1,1,0,0,0.17949697570594952,risky,1,3,1,0
418,0,0,0,0,0,1,0,1,0,0,1,0,0,1,0,0.21237144373371447,risky,1,4,0,0
419,0,1,1,1,1,1,1,1,1,1,0,0,1,0,0,0.9220826634521575,risky,0,0,0,0
420,0,1,0,0,0,0,0,1,1,0,1,0,1,0,1,-0.9613265340269941,safe,1,4,0,0
421,0,0,0,0,0,0,0,0,0,0,0,0,0,0,0,-3.9144777488164877,safe,1,4,1,0
422,1,1,0,1,1,1,0,1,1,1,1,1,1,0,1,1.378641298066138,risky,1,1,1,0
423,0,0,0,1,0,0,1,0,1,1,0,1,0,1,1,-0.4481043920901221,risky,1,3,0,0
424,0,0,0,0,1,0,1,0,0,0,0,1,0,1,1,-0.7091484276522724,risky,0,1,0,0
425,0,1,0,0,0,0,0,0,0,0,0,1,1,0,0,-2.526820680210816,safe,1,0,0,0
426,0,1,0,0,1,0,1,0,0,0,1,1,0,0,1,-1.546566648311789,safe,0,1,0,0
427,1,1,0,0,0,0,0,1,1,1,1,1,0,0,1,-1.905672212348474,safe,1,2,0,0
428,0,1,1,1,1,0,1,0,0,0,0,0,1,1,1,-0.2542142786854823,risky,0,3,0,0
429,1,0,0,0,1,0,0,0,1,0,0,0,0,0,1,-0.008363622253599767,risky,0,1,0,0
430,0,0,1,1,1,1,1,0,1,0,1,0,1,1,0,-0.7676040698264566,risky,1,3,0,0
431,1,1,1,0,1,1,0,0,0,1,1,1,0,1,0,0.16353680378018226,risky,0,0,0,0
432,0,0,1,1,0,0,1,1,1,1,0,1,1,0,1,-1.5727820927435663,safe,0,0,0,0
433,0,1,1,0,1,0,1,0,0,0,1,1,1,1,0,-1.246290694491329,risky,1,4,0,0
434,0,1,1,0,0,0,0,0,0,1,0,0,0,1,1,-2.680398239066317,safe,0,0,0,0
435,0,1,1,1,0,0,1,0,1,1,1,1,0,1,1,0.09224126851320891,risky,1,4,0,1
436,1,0,0,0,1,0,1,0,1,1,1,1,0,1,0,1.1222898074829553,risky,1,4,0,0
437,1,0,0,1,1,0,1,1,1,1,1,1,1,1,1,1.1782715996087028,risky,0,3,0,0
438,0,0,0,0,0,1,1,0,1,0,0,1,0,1,1,-1.3239652026482984,safe,0,1,0,0
439,0,0,0,0,0,0,0,0,0,0,0,0,0,1,0,-2.271529659586588,safe,0,3,0,0
440,0,1,0,0,0,0,1,1,1,0,0,0,1,1,0,-2.185017449027094,safe,0,2,1,0
441,0,1,0,0,0,0,0,1,0,0,0,0,0,0,1,-1.8732851400980979,safe,0,0,0,1
442,1,0,1,1,0,0,1,0,1,1,1,1,0,0,0,0.9947731706695692,risky,1,0,0,0
443,0,0,0,0,0,0,1,0,1,0,0,0,0,1,0,-0.795345075433527,risky,1,1,1,1
444,0,1,0,1,1,0,0,1,0,0,1,1,0,0,0,-1.4954973489265648,safe,1,1,0,0
445,0,0,0,0,0,0,0,0,0,0,0,0,0,1,1,-2.5185713973186052,safe,0,4,0,0
446,0,1,1,1,0,1,1,1,1,0,1,0,1,0,0,1.3147772082210278,risky,1,0,0,1
447,0,0,0,1,0,0,1,1,0,1,1,1,1,1,1,0.3578337379752551,risky,1,3,0,0
448,1,0,0,1,0,1,1,1,1,1,1,1,1,0,1,2.5070828724479237,risky,1,2,0,1
449,0,0,0,0,0,0,1,1,0,0,1,0,1,0,0,-2.404338017185491,safe,1,3,1,0
450,0,0,1,0,0,1,0,0,0,0,0,1,1,1,0,-1.7836176883778312,safe,0,3,0,0
451,1,1,1,0,1,0,1,0,0,1,1,1,1,0,0,0.1493321181889828,risky,0,3,0,0
452,1,1,1,1,1,1,0,0,1,1,1,1,1,0,1,1.9477684378098437,risky,1,3,0,0
453,1,0,0,1,0,0,0,1,0,1,0,1,0,0,0,-1.984702492691778,risky,0,2,0,1
454,1,1,0,0,0,0,1,1,0,0,0,1,0,0,1,-1.2326902817234289,safe,0,2,0,0
455,0,1,1,0,0,1,0,1,1,1,0,1,0,0,1,-2.3169496258804205,safe,0,0,0,0
456,0,1,0,0,1,0,0,0,0,1,0,1,0,1,0,-1.4456876987994058,safe,0,0,0,0
457,0,0,0,1,1,0,0,1,0,1,1,1,1,0,1,1.4235771861643287,risky,0,2,0,0
458,0,0,0,0,1,1,1,1,0,0,1,1,0,0,0,-0.5361519307447054,risky,1,1,1,0
459,1,1,0,1,1,1,1,1,1,0,1,1,0,0,1,2.9535955365065694,risky,1,0,0,0
460,0,1,1,1,1,1,1,0,1,1,1,1,1,1,1,2.8678131942028635,risky,1,4,0,1
461,1,1,0,0,0,0,0,1,0,0,0,0,1,0,0,-2.1677896444449116,safe,0,4,1,0
462,0,0,1,0,0,0,0,0,1,1,0,1,1,0,0,-1.7464022008234843,safe,1,4,0,0
463,0,0,0,0,0,0,0,1,0,0,1,0,0,0,0,-2.0120346035754846,safe,0,3,1,0
464,0,0,0,0,1,0,0,0,1,0,0,0,1,0,0,-2.8119774387716867,safe,0,4,0,0
465,1,1,0,0,1,1,0,1,0,1,0,1,0,0,0,-0.44128127429129094,risky,0,0,0,0
466,1,1,1,1,0,1,1,0,1,1,1,0,1,0,1,1.6190160489056848,risky,0,2,0,1
467,1,0,0,0,1,1,1,1,0,1,0,0,1,1,0,0.18351295456366973,risky,1,1,1,0
468,0,0,1,0,0,0,0,1,0,0,1,1,0,1,1,-2.8195803412726543,safe,1,2,0,0
469,1,1,0,0,0,0,0,0,0,0,0,0,0,1,0,-1.516590294302766,safe,0,0,0,1
470,1,1,0,1,1,0,1,1,1,1,1,1,0,1,1,1.82648635858136,risky,0,4,1,0
471,0,0,1,1,0,0,1,0,1,0,0,0,1,1,0,-1.4434423860822894,safe,1,4,1,1
472,1,0,0,0,0,0,0,0,0,0,0,0,0,0,1,-2.6638231302367,safe,1,2,0,0
473,1,0,1,1,1,1,1,0,1,0,0,0,1,1,0,0.26266619923848367,risky,0,3,0,1
474,0,1,1,0,1,0,0,1,1,0,1,1,0,1,1,0.45733467508776005,risky,1,2,0,1
475,1,0,1,1,1,0,0,1,0,0,1,0,0,0,1,-0.5925112934798527,risky,1,3,0,0
476,0,0,0,0,0,0,0,1,0,0,0,0,0,0,0,-1.9118161515504695,safe,1,1,0,0
477,0,1,0,1,1,1,1,1,1,1,1,0,1,1,1,0.6494722000762563,risky,0,2,1,1
478,1,1,1,1,1,0,1,0,1,1,1,1,1,0,1,3.441151307276564,risky,0,1,0,0
479,1,0,1,1,1,0,1,1,1,0,1,0,0,1,0,-0.029916367383384435,risky,0,3,0,0
480,0,0,0,0,1,1,0,0,0,0,0,0,1,1,1,-2.140441913216086,safe,1,2,0,0
481,0,1,0,1,1,0,0,0,0,0,0,1,1,0,0,-1.6616618812165718,safe,0,0,1,0
482,1,1,1,1,0,1,0,1,0,0,0,1,0,1,1,0.06576733158764758,risky,1,3,0,0
483,0,0,0,1,1,1,1,0,0,0,1,1,1,1,1,-0.896115382549421,safe,0,3,0,0
484,1,1,1,1,1,1,1,0,1,1,1,1,1,1,1,2.4421788490083887,risky,0,2,1,1
485,0,0,0,1,1,1,0,0,0,0,0,0,0,0,0,-1.7883386862565143,safe,1,4,0,0
486,0,0,1,0,0,0,1,0,0,1,0,1,0,1,1,-0.24033352627185878,risky,0,0,0,0
487,0,1,0,0,1,0,1,1,0,0,0,0,0,1,1,-1.287988082163131,risky,1,4,0,0
488,1,1,1,0,1,1,0,1,0,0,0,1,1,1,1,-1.610446861442,safe,1,1,0,1
489,1,0,1,0,0,0,1,0,1,0,1,1,0,0,0,0.676847939177499,risky,1,2,0,0
490,0,1,0,1,1,0,1,1,0,1,1,1,0,1,1,0.6924658318985524,risky,1,2,0,1
491,0,0,0,0,0,1,1,1,1,1,0,1,1,1,1,0.40635217241596544,risky,0,0,0,0
492,0,1,0,0,1,1,1,1,0,1,0,0,0,0,1,-1.6566026718742162,safe,1,1,0,1
493,1,0,1,0,1,0,0,0,0,1,0,1,0,0,1,0.3988405954884908,risky,0,4,0,1
494,0,0,0,1,1,1,0,0,1,0,1,0,0,0,0,0.16371836440848703,risky,0,3,0,0
495,0,1,0,0,1,1,0,0,0,0,1,0,1,1,0,-0.35489723384436156,risky,1,1,0,0
496,0,1,1,1,0,1,0,1,0,0,1,0,1,1,0,0.0820285900728186,risky,0,0,0,0
497,1,0,0,0,0,1,0,0,0,1,0,0,0,0,1,-2.169433655463786,safe,1,0,0,0
498,0,0,0,1,0,0,0,1,1,1,0,0,0,1,0,0.19281881525914546,risky,1,3,0,0
499,1,1,1,0,1,0,1,1,0,0,0,0,0,1,0,-0.9236556702785872,safe,0,1,0,0
500,1,0,0,0,0,0,1,0,1,0,0,1,0,0,0,-0.6786468761590265,safe,1,2,0,1
501,0,0,1,0,1,0,0,0,0,0,1,0,1,1,1,-0.6968305199100151,risky,0,3,0,0
502,1,0,0,0,1,0,0,0,0,0,0,1,1,1,1,-1.875602590424592,safe,1,0,0,0
503,1,1,1,1,1,1,1,1,1,1,1,0,1,1,1,2.327205496650791,risky,0,1,0,0
504,0,0,1,0,0,0,0,0,0,0,1,0,1,1,0,-1.5297904621230798,safe,0,2,1,0
505,0,1,0,0,1,1,1,1,1,1,0,1,1,1,0,-0.06431678419900644,risky,0,0,0,1
506,0,0,1,0,0,0,0,1,0,1,0,0,0,1,1,-2.0312347812996183,risky,1,4,0,1
507,1,0,1,1,1,1,1,0,0,1,1,1,1,1,0,1.9341139223030812,risky,0,0,0,1
508,1,0,0,0,0,1,1,1,1,1,1,0,1,1,1,1.356774189708613,risky,1,1,0,0
509,0,1,0,0,1,0,0,0,0,0,0,0,1,0,0,-2.256894205039503,safe,0,1,0,0
510,0,0,0,0,0,1,0,0,0,0,0,0,0,1,0,-2.111941106182751,safe,1,2,0,1
511,0,1,0,0,1,0,0,1,0,0,0,1,0,0,0,-0.6732440578200816,risky,0,3,0,0
512,0,1,0,0,0,0,0,1,0,0,0,0,0,0,0,-2.518594071065715,safe,1,3,0,1
513,1,0,0,0,1,0,0,0,0,0,1,0,0,0,1,-1.1054820383073598,safe,0,1,1,0
514,0,1,0,1,1,1,1,1,0,0,1,1,1,0,0,0.6212092725789564,risky,0,2,0,0
515,0,0,0,0,1,1,0,1,0,0,0,0,1,0,1,-2.332933575832627,safe,0,1,0,0
516,1,1,1,1,0,0,0,1,0,1,1,1,1,1,0,0.2515486053349303,risky,0,3,1,0
517,0,1,0,0,0,1,0,1,0,0,0,0,0,1,0,-1.8902597162517856,safe,0,2,0,0
518,0,0,0,0,0,1,0,1,0,0,0,1,0,1,1,-1.8860454288544808,safe,0,3,0,0
519,1,1,1,1,1,1,1,0,1,1,1,1,1,1,0,2.4820920722451856,risky,0,1,0,0
520,1,0,0,0,1,0,1,0,0,0,1,1,1,0,0,-1.323985978925286,risky,1,3,0,0
521,0,0,0,1,0,0,0,1,1,0,0,0,0,0,0,-1.9656714103230621,safe,0,2,0,0
522,0,0,0,0,0,0,0,0,0,0,1,1,0,0,1,-2.2481296676773947,safe,1,1,0,0
523,0,0,0,1,1,0,0,0,0,0,0,0,1,1,1,-1.055464615811065,risky,1,2,0,0
524,1,1,0,0,0,0,0,1,0,0,0,0,0,1,1,-2.009926803258488,safe,1,3,0,0
525,0,1,1,1,0,0,0,0,0,0,1,1,0,0,0,-0.4464035708049432,safe,0,3,0,0
526,0,0,1,0,1,0,0,1,0,0,0,0,1,0,1,-2.3942895645202387,safe,1,1,0,0
527,1,0,0,1,1,1,0,0,0,0,0,0,0,1,0,-1.4870849042836463,safe,0,0,0,0
528,0,0,1,0,1,1,0,0,0,0,0,1,1,1,1,-2.1207573546325955,safe,1,2,0,1
529,0,1,0,1,0,1,1,0,1,0,1,0,0,0,1,0.9090701163544495,risky,0,1,0,0
530,0,1,0,0,0,0,1,1,0,0,0,1,0,1,1,-1.6707252387214824,safe,1,1,0,1
531,0,1,0,1,0,0,0,0,0,0,1,0,0,0,1,-2.2416762287571075,safe,1,4,0,1
532,0,1,1,0,0,1,0,0,1,0,0,0,0,1,1,-1.42652677976358,safe,0,1,0,1
533,0,0,0,0,1,1,1,0,0,0,0,0,0,1,0,-2.1089411105736096,safe,1,2,0,0
534,0,0,0,0,0,0,0,0,0,0,0,0,0,0,0,-2.375056749756223,safe,1,0,0,0
535,0,0,0,0,1,0,0,1,0,0,0,0,0,0,1,-3.117884859960963,safe,0,4,0,1
536,0,0,0,0,1,1,0,0,1,0,0,1,0,1,0,-0.6147185640629345,risky,0,4,0,0
537,1,0,0,0,1,0,0,1,0,0,0,0,1,0,0,-1.7768708588616606,safe,1,4,0,0
538,1,1,0,0,0,0,1,0,1,0,0,1,0,1,0,0.06868262475989073,risky,1,1,1,0
539,0,1,0,0,1,0,0,0,0,1,0,0,1,1,1,-1.1080028538833893,safe,0,0,1,0
540,0,0,0,0,0,1,0,1,0,0,0,0,1,0,1,-1.3774613200600736,safe,0,1,0,1
541,1,0,0,0,1,0,0,1,0,1,1,1,0,1,0,-1.992492088605798,safe,1,2,0,1
542,0,0,0,1,0,0,1,0,0,0,0,0,0,0,0,-0.6886397246651079,safe,0,0,0,0
543,0,0,1,0,1,0,0,1,0,0,0,0,1,0,0,-1.8685741706574064,safe,1,3,0,0
544,0,0,0,1,0,1,0,0,0,1,1,1,0,1,0,-1.33914739951982,risky,0,4,0,0
545,0,1,1,1,0,0,0,1,0,0,0,0,0,0,0,-1.5764025537065787,safe,0,1,0,0
546,0,0,0,0,1,1,0,1,0,0,1,1,0,0,1,-2.347005205533281,safe,1,2,0,0
547,0,1,1,0,1,1,0,1,1,1,1,1,1,1,1,0.8961779891650348,risky,1,2,0,0
548,0,0,1,0,0,0,0,1,0,0,0,0,0,0,0,-2.872077922380582,safe,1,3,1,0
549,0,0,1,0,0,0,0,1,0,0,1,0,1,0,1,-2.172223320162952,safe,1,2,0,0
550,1,0,0,0,0,0,0,1,0,0,0,0,1,1,0,-2.5197980802268574,safe,1,2,0,0
551,0,1,1,0,0,1,0,0,0,0,0,0,0,1,0,-2.876687377486287,safe,0,2,0,0
552,1,0,1,1,0,0,0,0,0,0,1,1,0,0,1,-0.7619105431004443,risky,0,2,0,0
553,0,0,0,0,1,0,1,0,0,0,0,0,0,1,0,-2.2621274895594117,safe,0,3,0,0
554,0,0,0,0,0,0,1,0,0,0,1,0,1,1,1,-2.5193663946199534,safe,0,1,0,0
555,1,0,0,0,1,0,0,1,0,0,0,0,0,0,0,-1.7145543448132146,safe,1,4,0,0
556,0,0,1,0,0,1,0,0,0,0,0,1,1,0,0,-2.3818110464196502,safe,0,3,0,0
557,0,0,1,1,1,0,1,1,0,1,0,0,0,1,1,0.7137101305870392,risky,0,4,0,1
558,1,1,1,1,1,0,0,1,1,1,1,0,0,0,0,1.0203784169227799,risky,0,4,0,0
559,0,0,0,0,0,0,0,0,1,0,0,1,0,0,1,-2.052767893504537,safe,0,1,0,0
560,0,1,0,0,1,0,0,1,1,0,0,0,0,0,0,-1.1885479689970269,risky,1,3,0,0
561,1,0,1,1,0,1,1,1,0,1,1,0,1,1,0,0.7354962696258222,risky,1,1,0,0
562,1,1,1,1,1,1,1,1,1,1,0,1,1,1,1,2.945608068415018,risky,1,4,1,0
563,1,1,1,1,1,0,0,0,0,0,0,0,1,1,0,-0.11005839339899459,risky,0,0,0,0
564,0,1,0,0,0,0,0,1,0,0,0,0,0,1,1,-2.5547407029446814,risky,1,1,0,0
565,1,0,1,1,1,0,1,0,1,1,1,1,1,0,1,1.2846269040502163,risky,1,3,0,0
566,0,0,1,0,0,0,0,1,0,0,0,0,0,1,1,-2.0905727169399886,safe,0,2,0,0
567,1,1,1,1,1,1,0,0,1,0,1,1,1,1,0,2.59101376819538,risky,1,4,0,0
568,1,1,1,0,1,1,1,1,1,0,0,0,1,0,1,-1.3444427980946156,safe,0,2,0,0
569,0,0,0,0,1,1,0,1,0,1,0,1,0,0,1,-1.4756442312517004,safe,0,1,0,0
570,1,1,1,1,1,0,1,1,1,1,1,1,1,0,0,1.4062567556188283,risky,1,1,0,0
571,1,0,0,0,1,0,1,0,1,1,1,1,1,0,1,0.5943334039553276,risky,1,1,0,1
572,0,0,0,0,1,0,0,1,0,0,0,1,0,0,0,-2.5845425137693523,safe,1,4,0,0
573,0,0,0,0,1,0,0,1,0,1,1,1,1,0,0,-1.8828116168424418,safe,0,1,0,1
574,1,1,0,0,0,1,1,1,0,1,0,1,0,0,0,-0.5969523807598889,risky,1,3,0,0
575,1,1,1,1,1,0,0,0,1,0,1,0,1,1,1,2.314576357227695,risky,0,3,0,0
576,0,1,1,1,1,1,1,0,1,0,0,0,1,1,0,0.30407114101066657,risky,0,2,0,0
577,1,0,0,1,1,1,0,0,1,1,1,1,1,0,1,1.1876427181217797,risky,0,1,0,0
578,0,0,1,1,0,1,1,1,1,1,0,1,1,1,0,1.1263585932407238,risky,0,4,0,0
579,1,0,1,0,1,1,1,0,0,1,1,1,1,1,0,0.6417381100825251,risky,0,1,0,0
580,1,0,0,1,1,1,1,0,1,0,0,0,0,1,0,-0.08635786913904375,risky,0,1,1,0
581,1,0,1,0,0,0,1,0,0,0,0,0,0,0,0,-2.261098106828194,safe,1,1,0,0
582,1,1,1,1,1,0,1,1,1,1,1,0,1,1,0,2.6399611407165477,risky,1,0,0,1
583,1,0,0,1,0,1,1,1,1,1,1,1,0,1,1,0.6442588996281222,risky,0,0,0,0
584,1,1,1,1,1,1,1,0,0,1,1,1,1,0,0,1.297140666154394,risky,0,0,0,0
585,0,0,1,0,0,0,0,0,0,0,0,1,0,1,0,-2.6212825263494537,safe,1,3,0,0
586,0,1,0,0,1,0,0,1,0,0,1,0,0,0,1,-0.9929510675718263,risky,1,3,1,0
587,0,0,0,0,1,0,0,0,0,1,0,1,0,0,0,-2.0340782237985313,safe,1,0,1,0
588,1,1,0,0,0,0,0,1,0,0,0,0,0,1,0,-2.1627153098893617,safe,1,3,0,0
589,0,1,0,1,0,1,1,0,1,1,0,1,1,1,0,1.5534235966116745,risky,0,3,1,0
590,0,0,1,1,0,0,0,1,0,0,1,1,0,0,1,-1.6279458515667042,safe,1,4,0,1
591,0,1,1,0,1,0,0,0,0,0,0,0,0,0,0,-1.1751060384676915,safe,0,1,0,0
592,1,0,1,1,1,1,1,0,1,1,1,1,1,1,1,3.3259082087563794,risky,1,2,0,0
593,1,0,1,1,0,0,0,0,1,1,1,1,0,0,0,-0.15907547906142827,risky,0,3,0,0
594,1,0,1,1,1,1,1,1,1,1,0,1,1,0,1,0.4465933343264034,risky,1,4,0,0
595,0,1,0,0,0,1,1,0,1,1,1,0,1,0,0,-0.37355905934313927,risky,0,0,0,0
596,0,0,0,0,0,0,1,0,1,0,1,0,0,1,1,-0.16596287326161552,risky,1,0,0,0
597,0,1,1,0,0,1,0,1,0,0,0,0,1,0,0,-1.7927769370123579,safe,1,0,0,0
598,0,1,0,0,1,1,0,0,1,0,0,0,0,0,0,-0.5157578194410231,risky,0,4,0,1
599,0,0,0,0,1,1,1,0,0,1,1,1,0,0,0,-0.1925276960725132,risky,1,2,1,1
600,1,1,1,0,1,1,1,1,0,0,1,0,1,1,0,0.2596355402181476,risky,1,0,0,0
601,0,1,1,1,0,0,1,0,0,1,1,1,1,1,1,1.109062725929601,risky,0,3,0,1
602,0,1,0,0,0,0,0,0,1,0,0,0,0,0,0,-1.0829227083453705,safe,1,2,0,1
603,1,1,1,1,1,1,1,1,0,0,1,1,0,0,1,1.6943614321406955,risky,0,1,1,0
604,1,1,1,0,0,0,1,1,1,0,1,1,0,0,0,0.5269168502282773,risky,1,1,0,0
605,1,0,1,0,1,0,0,1,0,0,1,0,1,0,0,-0.6121761409698894,risky,0,1,0,0
606,0,1,0,1,0,1,1,1,1,1,1,1,1,1,1,2.26023022173092,risky,1,2,0,1
607,1,0,0,1,0,1,0,0,1,1,0,1,0,1,1,0.1337149513045921,risky,1,4,0,0
608,0,0,0,0,1,0,0,1,0,0,0,1,0,0,1,-3.2064724388405974,safe,0,1,0,1
609,1,1,1,1,0,1,1,1,0,1,1,1,1,1,1,1.5741369015008155,risky,1,3,0,0
610,0,1,0,0,1,0,0,0,0,1,1,0,1,0,0,-0.012658980694621125,risky,1,3,0,0
611,0,0,0,0,1,0,0,0,0,0,0,1,0,0,0,-1.6822170346016057,safe,1,0,0,1
612,1,0,0,0,0,1,1,1,1,1,0,1,1,1,0,0.8697806499563769,risky,0,1,0,0
613,1,0,0,1,0,0,0,1,1,0,1,0,1,0,1,-0.600150268697266,risky,1,2,0,0
614,1,1,1,1,0,1,1,0,1,0,1,1,1,0,1,0.5035085717221228,risky,1,0,0,1
615,1,0,0,1,1,1,0,1,1,1,0,0,0,1,1,0.838242544510232,risky,0,0,0,0
616,1,1,1,0,1,0,1,0,0,0,1,0,0,0,0,1.3228277985548282,risky,1,0,0,0
617,0,1,1,0,0,1,1,1,0,0,0,0,0,1,0,-1.1151629677907837,safe,0,4,0,0
618,0,0,0,0,0,0,0,0,0,0,0,1,0,0,0,-2.192918048989737,safe,0,1,0,0
619,0,0,0,0,0,0,0,1,1,0,0,0,0,0,1,-1.4470942840452867,safe,0,3,1,1
620,1,1,0,0,0,0,1,1,1,1,1,0,1,1,0,-0.35735399571400606,risky,1,1,0,0
621,1,1,1,1,1,1,1,0,0,1,1,0,1,0,1,1.546496970045304,risky,0,3,1,0
622,0,1,0,0,0,1,0,1,1,0,1,0,1,0,1,-1.6533889474208419,safe,0,3,0,0
623,0,0,0,0,1,0,0,1,1,0,0,1,0,0,0,-1.0938798013438897,risky,1,3,0,0
624,1,1,0,0,1,1,1,0,1,1,1,1,1,0,1,0.21854135213957293,risky,1,0,0,0
625,0,1,0,0,0,1,0,1,1,0,1,1,0,0,1,0.4945346292742684,risky,1,3,0,1
626,0,0,0,0,0,0,1,1,0,0,0,0,1,0,0,-1.565587751747558,safe,1,2,0,1
627,0,0,0,1,1,1,0,0,0,1,0,1,1,0,1,0.6021244730372097,risky,1,0,0,1
628,1,1,0,0,1,0,0,0,0,1,0,0,0,0,0,-1.673457329642098,risky,0,3,0,0
629,0,1,0,1,0,1,0,1,0,0,0,0,0,0,0,-1.6652832293829807,safe,1,4,0,0
630,1,0,1,0,1,0,0,1,0,0,1,1,0,0,1,-2.5847225374496463,safe,1,2,0,0
631,1,0,0,0,1,0,1,1,1,1,1,0,0,1,1,0.06564600098278667,risky,1,3,0,0
632,0,0,0,0,0,0,0,1,0,0,0,0,0,0,1,-2.7892566736057693,safe,1,2,0,1
633,0,0,0,0,0,0,0,1,0,1,0,0,0,0,0,-1.7208859408479238,safe,1,3,0,0
634,0,1,0,0,1,1,0,0,1,0,1,0,0,0,0,-2.262042810272277,safe,0,4,0,0
635,0,0,1,0,0,0,0,1,0,0,1,0,0,0,0,-1.008037216753406,risky,0,0,0,0
636,1,1,0,0,1,0,0,0,0,0,0,0,1,1,0,-1.8437368543187165,safe,0,4,1,1
637,0,1,0,0,0,0,0,0,1,0,0,0,0,0,1,-1.9944920761727543,safe,0,0,0,0
638,0,0,1,0,1,0,0,1,1,0,0,1,1,1,1,-1.5661106406227614,safe,1,0,0,1
639,1,0,1,0,0,1,0,0,1,0,0,0,0,1,0,-1.6622621970738312,safe,1,1,0,0
640,1,0,1,1,1,1,1,1,1,1,0,1,1,1,1,2.491082672034525,risky,0,0,0,0
641,1,0,1,0,0,0,1,1,1,1,1,0,0,1,0,-0.1577911662988538,risky,1,4,0,0
642,1,1,0,0,1,1,0,1,0,1,1,0,0,0,1,-0.5637591877440578,risky,0,3,1,0
643,0,0,0,0,0,0,1,1,1,0,0,0,1,1,1,-2.0840828392102537,safe,0,1,1,0
644,1,1,0,0,1,1,0,0,0,0,0,0,1,1,0,-2.21235655058953,safe,1,4,0,0
645,0,0,0,1,1,1,1,1,0,0,1,0,1,0,1,0.15728890109934757,risky,1,3,0,0
646,0,1,1,0,0,1,0,0,1,0,1,0,1,0,1,0.7119958058573165,risky,0,4,0,1
647,0,0,0,0,1,1,0,0,0,1,1,1,0,1,0,-1.6509997872720377,safe,0,1,0,1
648,0,1,1,1,1,0,1,1,0,0,0,0,0,0,1,-2.1948547582164712,safe,1,1,1,0
649,0,1,1,0,0,0,1,0,0,0,1,1,0,0,1,-1.1769151910458682,safe,0,4,0,1
650,0,1,0,0,1,0,0,1,0,0,0,1,1,1,1,-1.9739946798281558,safe,0,4,1,0
651,1,1,0,1,1,1,1,0,1,1,1,0,1,1,1,2.3551197270127613,risky,1,1,0,0
652,0,0,1,0,1,1,0,0,1,1,1,0,0,0,0,0.30275799490600197,risky,0,3,1,0
653,0,1,0,0,0,0,0,1,0,0,0,0,0,1,1,-1.924129208284376,safe,1,1,0,0
654,0,0,1,0,1,0,0,0,0,1,0,0,0,1,0,-2.7905937290971092,safe,1,3,0,0
655,0,0,1,0,1,1,1,0,1,0,1,0,1,1,0,0.5133080860787292,risky,1,0,0,0
656,0,0,0,0,1,0,0,1,1,0,0,0,0,0,0,-2.2772611379923813,safe,1,4,1,1
657,0,1,0,1,0,0,0,1,0,0,0,0,1,0,0,-2.2957530794253365,risky,1,2,0,0
658,1,1,0,0,0,1,0,1,0,0,0,1,0,1,0,-1.1484629780682647,risky,0,2,0,0
659,1,1,0,0,0,1,0,0,0,1,1,1,0,0,0,-0.513151385951061,safe,0,4,0,1
660,0,1,0,0,0,0,0,0,0,0,0,0,0,1,1,-2.0247956148245927,safe,1,0,0,0
661,1,0,1,1,1,1,1,1,1,1,0,0,1,1,1,0.9138789412152772,risky,1,2,0,0
662,1,1,0,1,1,0,0,0,0,0,0,1,1,1,0,-0.6014971463126544,safe,1,3,1,1
663,1,0,1,0,0,0,0,1,0,1,0,1,0,0,1,0.40877634044097794,risky,1,3,0,0
664,1,0,1,1,1,1,0,1,1,1,1,1,1,1,1,1.0908945133811183,risky,0,1,0,0
665,0,0,1,0,1,0,0,1,0,0,1,1,0,1,0,-1.290081695392451,safe,1,3,0,0
666,0,0,0,1,0,1,0,0,1,0,1,1,1,0,0,-0.19786839653334765,risky,1,0,0,1
667,0,0,0,0,0,0,0,1,0,0,0,0,0,0,0,-2.948310892468781,safe,1,4,0,0
668,0,1,0,0,1,0,0,0,0,0,0,0,0,1,0,-0.9932762351600064,safe,0,1,0,0
669,0,1,0,0,0,0,0,0,0,0,0,1,0,0,0,-1.4223043055357987,safe,0,2,0,0
670,0,0,1,0,1,0,1,0,0,1,1,0,0,1,1,-0.5711013604059316,risky,1,0,0,0
671,1,0,1,0,0,0,1,1,1,1,0,1,0,1,1,-0.14863779310508585,risky,1,0,0,0
672,1,1,0,0,1,0,0,0,0,0,0,1,1,0,0,-1.2285241919407157,risky,1,0,0,0
673,0,0,0,0,0,0,0,0,0,0,0,0,0,0,1,-2.545588056627907,safe,1,0,0,1
674,1,0,1,1,1,0,0,0,1,1,1,1,1,0,1,1.9389978059193818,risky,1,2,0,0
675,0,0,0,0,1,0,1,1,0,0,1,1,0,1,0,-1.7458648529991478,safe,1,4,0,0
676,0,0,0,1,0,0,0,0,0,0,0,0,0,0,0,-2.438629914667098,safe,0,0,1,0
677,0,1,1,1,1,1,0,0,1,0,1,1,0,0,1,0.8976711134001873,risky,1,4,0,0
678,1,0,0,0,0,1,1,1,1,1,0,1,1,1,1,0.7462968127175482,risky,0,3,0,0
679,0,0,0,0,0,0,0,0,1,0,0,1,0,0,0,-2.423234223283651,safe,1,4,0,0
680,0,1,1,0,0,0,1,0,0,1,1,0,0,1,0,-0.2781437244827686,risky,0,3,0,0
681,0,1,1,1,1,0,1,1,0,0,0,0,0,0,1,-1.2415318807430022,safe,1,4,0,0
682,1,0,1,0,1,1,0,1,1,1,0,1,0,1,1,0.7716280092641343,risky,0,1,0,1
683,1,0,0,1,0,0,1,0,1,0,1,1,1,0,0,0.7237279338427538,risky,0,3,1,1
684,0,0,1,1,1,0,0,0,0,0,0,1,0,0,1,-0.24010597089378738,risky,1,1,0,0
685,1,0,1,0,0,0,1,0,0,1,0,0,1,1,1,-0.06408883274998178,risky,0,4,0,0
686,1,0,1,1,1,1,1,1,1,1,1,1,1,1,1,1.4616853109423356,risky,0,1,1,0
687,0,0,0,0,0,0,0,1,0,0,1,0,1,0,1,-1.4443294701802203,safe,0,2,0,1
688,1,0,1,1,1,1,1,0,1,1,1,0,1,0,1,2.3689472126916855,risky,1,3,0,0
689,0,0,0,1,1,1,1,1,1,1,1,1,0,1,0,0.7494462867600975,risky,1,2,0,1
690,1,0,1,1,0,0,1,1,0,1,0,0,1,1,0,-0.0934200189745994,risky,0,2,0,1
691,0,1,0,0,0,1,0,0,0,0,0,0,0,1,0,-1.4517937767767615,risky,0,2,1,0
692,0,0,0,1,0,1,1,0,0,0,0,0,1,1,1,-1.5844168424583407,safe,1,1,0,1
693,1,0,1,1,1,0,1,1,1,0,1,1,1,1,1,1.12240166714701,risky,1,3,1,0
694,0,0,0,0,1,0,1,0,0,1,0,1,1,1,0,-0.8876992147111071,risky,1,4,0,0
695,1,0,1,0,1,0,1,1,0,0,0,0,0,0,1,-1.4843608197251132,safe,1,1,0,0
696,0,1,1,1,0,1,1,0,1,0,1,0,0,0,0,-0.19272691706058243,risky,0,3,0,0
697,1,0,0,0,0,0,1,1,0,0,0,0,1,0,1,-2.5579522189162516,safe,0,2,0,0
698,0,0,0,1,0,0,0,0,1,0,1,0,0,0,0,-0.8220067581647075,risky,1,3,0,1
699,0,0,0,1,0,0,0,1,0,0,0,0,0,0,0,-2.7467426869931364,safe,0,1,0,0
700,1,1,0,1,0,0,0,1,0,1,0,0,0,0,0,-0.7653802568475974,safe,1,0,0,0
701,0,0,0,0,0,0,0,0,0,0,1,0,1,0,0,-2.8265684950989156,risky,1,0,0,0
702,1,1,0,0,1,0,1,0,1,1,1,0,1,1,1,-0.16111481882969048,safe,1,2,0,1
703,0,1,0,0,0,0,0,0,0,0,0,0,1,1,0,-2.8111080417084735,safe,1,4,0,0
704,1,0,1,0,0,0,0,0,1,0,1,1,0,1,1,-1.9499245613411877,safe,1,1,0,0
705,0,0,0,1,0,1,0,0,1,1,1,1,1,0,0,0.34067342187147875,risky,0,0,0,1
706,1,1,0,0,1,1,1,1,1,1,1,0,1,0,0,1.4988208905447016,risky,1,3,0,0
707,0,0,0,0,0,0,1,0,0,0,1,1,1,0,1,-2.613051023132008,safe,0,2,0,0
708,1,1,0,0,0,1,0,1,1,0,1,0,1,1,1,-1.4717239022249835,safe,0,2,0,0
709,1,0,0,0,0,0,0,0,1,0,0,0,0,0,0,-2.1766440013575186,safe,1,0,0,1
710,0,0,0,1,0,0,0,0,0,0,0,0,1,0,0,-2.8311473778553182,safe,1,0,0,0
711,0,0,0,0,0,0,0,1,0,0,0,0,0,0,0,-2.926797880372299,safe,1,3,1,0
712,1,1,1,1,0,1,1,0,1,1,1,1,1,1,0,4.317624693937254,risky,1,2,0,0
713,0,0,1,1,0,0,1,1,1,1,0,1,1,1,0,1.4267883109882762,risky,1,1,0,0
714,1,0,1,1,0,0,0,0,0,0,1,1,0,0,0,-0.21976218405686554,safe,0,0,0,0
715,0,0,0,0,1,0,0,0,0,0,0,0,0,0,1,-1.5003421247332003,safe,0,4,0,0
716,0,0,0,0,1,0,0,1,0,0,1,0,0,1,0,0.4277080795959171,risky,1,4,0,0
717,0,1,1,1,1,0,1,0,0,0,1,0,0,0,1,0.9112055788851421,risky,0,0,0,0
718,1,0,1,1,1,1,1,0,1,1,1,1,0,1,0,1.6818509704598559,risky,0,4,0,0
719,0,1,0,1,0,0,0,0,0,0,0,0,0,0,0,-2.2208135565912888,safe,0,2,0,0
720,1,0,1,1,0,0,1,1,0,0,0,1,0,0,1,0.15904050455406304,risky,0,0,0,0
721,1,0,1,0,1,1,0,0,0,0,1,0,1,0,0,-0.1573780221261819,risky,0,2,0,0
722,1,1,0,1,1,1,1,0,1,1,1,0,1,1,0,3.732578153086012,risky,1,4,0,0
723,0,1,1,0,0,1,0,1,0,1,0,0,0,0,0,-2.2609684753039647,safe,1,2,0,0
724,1,1,1,0,1,0,0,1,1,0,1,1,0,1,0,-0.07934718051298562,risky,1,1,1,0
725,0,0,1,1,1,1,0,1,0,0,0,1,1,0,1,-0.34147921256895875,risky,0,0,0,1
726,0,0,1,0,0,0,0,0,1,0,0,1,1,1,1,-2.0301868389083917,safe,0,2,0,0
727,0,0,0,0,0,0,0,1,0,0,0,0,0,1,0,-1.9797193127768082,safe,1,0,0,1
728,0,1,0,0,1,1,0,0,0,0,0,0,1,0,1,-1.7213006206815828,safe,1,4,1,0
729,0,1,1,0,0,0,0,0,0,0,0,0,0,1,0,-2.629625272947223,safe,1,3,1,0
730,1,0,1,1,1,1,1,0,0,1,1,1,1,1,1,2.3939065000773327,risky,0,4,0,0
731,1,0,0,0,1,0,1,0,1,1,1,1,1,0,1,1.7441084402145195,risky,1,4,1,1
732,1,0,1,0,1,0,0,1,0,0,0,1,0,1,0,-1.6834105387311376,safe,0,4,0,0
733,1,1,0,1,1,0,1,1,0,0,0,1,0,0,0,-0.051728686050220074,risky,0,4,0,1
734,0,0,0,0,1,0,0,1,0,0,0,0,1,0,0,-1.2751997655596927,safe,0,1,0,0
735,0,1,1,0,1,0,0,0,1,0,0,0,0,0,0,-2.253637902468722,safe,1,4,0,0
736,1,1,1,1,1,0,0,1,1,0,0,1,1,0,1,0.448192569751744,risky,0,0,0,0
737,0,0,0,0,0,1,0,0,0,0,1,0,0,0,0,-1.8539989881787922,safe,1,0,1,0
738,0,1,1,0,0,1,0,1,0,0,0,0,0,0,0,-1.3900814341987648,safe,1,2,0,0
739,0,0,1,0,0,0,0,1,0,0,1,0,0,1,1,-2.4370031975546373,safe,0,0,1,0
740,0,0,1,0,0,0,0,0,0,0,0,0,0,1,0,-2.7192668139206666,safe,0,0,1,0
741,0,1,0,0,0,0,0,1,0,0,1,1,0,0,0,-2.0325266454947135,safe,0,0,0,0
742,0,0,0,1,0,0,0,0,1,0,0,0,1,0,1,-2.4232283276777933,safe,1,1,0,0
743,0,1,0,0,1,0,0,1,0,0,0,0,0,0,1,-2.425013212813806,safe,1,2,0,0
744,0,0,0,0,0,0,0,1,1,0,0,1,1,0,0,-1.9841182036392837,safe,1,2,0,1
745,1,0,0,1,1,1,1,1,1,1,1,0,0,1,1,1.2161188585328617,risky,0,1,0,0
746,1,0,1,1,1,0,0,0,1,1,1,0,0,1,0,1.2991680554603464,risky,1,0,0,0
747,0,0,1,1,1,0,1,0,1,0,1,1,0,1,1,-1.018559162158406,safe,0,2,0,0
748,0,0,0,0,0,1,1,0,1,1,1,1,0,1,0,-0.6599049070120793,safe,1,1,0,1
749,1,0,0,1,0,1,1,0,1,1,1,0,1,1,0,1.1939497986692733,risky,1,3,0,0
750,0,1,0,0,1,1,0,0,1,0,0,0,0,0,0,-0.777526523366207,safe,0,2,0,0
751,1,0,1,1,0,1,1,1,1,1,0,1,0,1,0,1.5223284951867595,risky,1,1,0,0
752,0,1,1,0,0,0,0,0,1,1,0,0,1,1,0,-1.4810664325288219,safe,0,4,0,0
753,1,0,0,1,0,1,0,1,0,0,0,0,1,1,0,-0.3223500676465222,risky,0,3,0,0
754,0,1,0,1,0,0,0,1,0,1,1,1,1,1,1,0.5890277096214832,risky,1,3,0,0
755,1,0,1,1,0,1,1,1,1,1,1,0,1,1,1,1.0309131710878523,risky,1,0,0,1
756,1,0,1,0,0,0,0,1,1,1,1,1,1,1,1,1.6416763683350384,risky,1,3,1,0
757,0,1,0,0,0,0,0,1,0,0,0,1,0,0,0,-2.122412971059004,safe,0,4,1,0
758,1,1,1,1,1,0,1,0,1,1,1,1,1,1,0,3.2487858683843287,risky,1,4,0,0
759,0,1,0,0,1,0,1,1,0,0,0,0,1,1,0,-1.9288534521803482,safe,0,4,0,0
760,0,0,0,0,0,0,0,1,0,0,1,0,1,0,1,-2.63806848307098,safe,1,4,0,0
761,1,0,1,1,1,1,1,1,1,1,1,0,1,0,0,2.252048125402604,risky,0,4,0,0
762,1,0,1,1,1,1,1,1,1,0,1,0,1,1,1,1.6043244984490317,risky,0,3,1,0
763,0,1,0,0,0,0,1,1,0,0,0,0,1,0,1,-2.0043933136586203,safe,0,1,1,0
764,1,0,0,0,1,0,0,1,0,0,0,0,1,0,1,-2.4997393006663144,safe,0,1,0,0
765,0,1,0,0,0,0,0,0,1,0,0,1,0,1,1,-2.2699063206510086,safe,0,3,0,0
766,0,1,0,0,0,0,0,1,1,0,1,0,1,0,1,-1.5134651940153172,risky,0,3,0,0
767,1,1,0,1,1,1,1,1,0,1,1,0,1,0,0,1.1520587448960011,risky,1,0,0,0
768,0,0,0,0,0,1,1,1,1,1,1,1,0,1,1,-0.3940608090879134,risky,0,0,0,0
769,0,1,1,0,1,0,0,0,1,0,0,1,0,0,0,-2.546679487321443,safe,0,3,1,0
770,1,0,0,0,0,0,1,1,1,0,0,1,0,1,0,-1.9479130893643257,safe,1,0,0,0
771,0,1,1,0,1,0,0,0,0,0,0,1,0,0,0,-2.4000082926360915,safe,0,4,0,0
772,0,1,0,0,0,1,0,1,0,0,1,0,1,0,0,-1.6750069526500302,safe,0,2,0,1
773,0,1,1,1,0,1,1,1,0,1,0,1,0,0,0,0.37316401885475736,risky,1,0,0,1
774,0,0,0,1,0,1,1,0,1,0,1,1,1,1,1,0.8385660296971044,risky,0,0,0,0
775,0,0,0,0,0,0,1,1,0,0,0,1,1,0,0,-2.6053682917607874,safe,0,3,0,0
776,1,1,1,0,0,0,0,1,1,0,0,0,0,0,1,-2.077445091491903,safe,0,2,0,0
777,0,0,0,0,0,0,1,0,0,0,0,0,0,1,0,-1.4596531055726307,safe,0,0,0,0
778,1,0,0,0,0,0,0,0,0,1,0,1,1,0,1,-0.01458619043443865,risky,1,4,1,0
779,0,1,0,0,1,0,0,1,0,0,0,0,0,0,0,-1.906207356351319,safe,0,3,0,0
780,1,1,1,1,1,1,0,0,1,1,1,0,0,0,1,1.056832466838037,risky,1,4,0,0
781,0,1,0,0,0,0,1,0,0,0,0,0,1,0,1,-2.3687353668008795,safe,0,0,0,0
782,0,1,0,0,1,1,1,1,0,0,0,0,1,1,0,-0.6219358835666335,safe,0,1,1,0
783,0,1,0,0,0,1,0,0,0,0,1,0,1,1,1,-1.7297319869003254,safe,1,1,0,0
784,1,0,1,0,0,0,1,0,0,0,0,0,1,0,1,-1.9160451029432166,safe,1,3,0,0
785,0,0,0,1,0,1,0,0,0,0,1,0,0,1,0,-1.6058919325294072,risky,0,1,0,0
786,0,0,1,0,0,0,0,0,0,0,0,0,0,0,1,-1.266945455616259,safe,0,1,0,0
787,1,0,1,1,1,1,0,0,0,0,1,0,0,1,1,-0.1591065268443742,risky,1,4,0,0
788,0,0,0,0,0,0,0,1,0,0,0,0,1,1,0,-0.6246348055143114,risky,1,1,0,0
789,0,1,0,1,0,0,0,0,0,0,1,1,1,0,1,0.08378964028560926,risky,0,4,0,0
790,0,0,1,0,0,0,0,1,0,0,1,1,1,1,0,-1.8282547122078487,safe,1,4,0,0
791,0,0,0,0,0,0,0,1,1,0,0,1,0,0,1,-0.7077404889083234,risky,1,4,0,1
792,0,0,0,0,0,0,0,1,1,0,1,0,0,0,1,-1.872493683996221,risky,0,3,0,0
793,0,1,1,1,0,0,0,1,0,0,1,1,1,1,0,-0.39025544865521244,risky,0,2,0,0
794,0,0,0,1,0,0,1,1,1,0,0,0,1,1,0,-2.1696647198145778,safe,0,0,0,1
795,0,0,0,1,0,0,1,1,0,0,0,0,0,0,0,-1.1255923615450152,safe,0,0,0,0
796,0,0,0,0,1,0,0,0,0,0,0,1,0,1,1,-2.387318467155207,safe,1,3,0,0
797,0,1,1,0,0,0,0,1,1,0,0,1,0,1,1,-1.9037352360346795,risky,0,3,1,0
798,0,0,0,1,0,0,0,0,1,1,1,0,1,1,0,0.2890060548561878,risky,0,3,0,0
799,0,0,0,0,1,1,0,0,0,1,0,1,0,1,0,-1.606171216300575,safe,0,4,0,0
800,1,0,1,1,0,1,1,0,1,1,0,1,1,0,1,2.2115178566353864,risky,0,3,0,0
801,0,1,0,0,0,0,0,1,0,0,1,0,0,0,0,-2.541189266116442,safe,1,0,0,0
802,0,0,0,1,1,0,0,0,0,0,0,0,0,0,0,-1.7482689682079795,safe,0,1,0,0
803,0,0,0,0,0,0,0,0,1,0,0,0,0,1,0,-0.8291369795076429,risky,1,0,0,0
804,0,0,0,1,1,0,0,0,1,1,0,0,1,0,0,-0.43304102756582263,risky,1,2,0,1
805,0,1,0,0,0,0,1,0,0,0,0,1,0,0,0,-2.1277325686662136,risky,0,4,0,0
806,1,1,1,0,0,1,0,0,0,0,1,0,1,1,0,0.009587631081321102,risky,0,1,0,0
807,1,1,1,0,1,0,1,1,1,1,0,0,0,1,0,1.627832518493337,risky,1,3,0,0
808,0,0,0,0,0,0,0,1,0,0,0,0,0,0,1,-2.468179723983436,safe,1,4,1,0
809,1,1,0,0,0,1,0,1,1,1,0,0,1,0,1,0.9752015573667985,risky,0,0,0,0
810,1,0,0,0,0,0,0,0,0,0,1,0,0,1,0,-2.5635413889835217,risky,1,2,0,0
811,0,0,1,0,1,1,0,1,1,1,1,0,1,1,0,-1.4269117657627073,safe,1,4,1,0
812,1,0,1,1,1,1,0,0,0,1,0,0,0,0,1,-2.28226428493757,safe,1,4,1,0
813,0,1,0,1,1,0,1,0,0,0,0,0,0,1,1,-2.291867795858543,safe,1,4,0,0
814,0,0,0,1,0,0,1,1,0,0,0,1,1,1,1,0.5620390671394149,risky,0,4,0,1
815,1,0,0,1,0,0,1,1,0,0,0,0,0,0,0,-2.15873124125235,safe,1,3,0,1
816,1,0,0,0,0,0,0,0,0,0,0,0,1,1,0,-1.3014029637526863,safe,1,2,0,0
817,0,0,0,0,1,0,0,0,0,0,0,1,0,0,0,-2.689655658655567,safe,0,3,0,0
818,1,1,0,0,1,1,0,1,0,0,0,0,0,0,0,-2.3295601135252824,safe,1,2,0,1
819,1,0,0,0,1,0,0,1,1,1,1,0,1,1,0,0.599632994135924,risky,1,4,0,0
820,1,0,0,1,0,0,1,0,1,0,0,0,0,1,0,-1.466618197450629,safe,0,3,0,0
821,0,0,0,0,1,1,0,1,0,0,0,0,0,1,0,-2.3403647852010803,risky,1,4,1,1
822,0,1,0,0,1,0,0,1,1,1,1,1,0,0,0,1.0119920216240263,risky,1,3,0,1
823,0,0,0,0,0,0,0,0,1,0,1,0,0,0,0,-1.6284318311025694,risky,0,0,0,1
824,0,0,0,1,0,1,0,0,0,0,1,0,0,1,1,-1.4363653906058869,safe,1,1,0,1
825,1,0,0,1,0,0,1,0,0,1,1,0,0,0,1,0.3692871198556995,risky,0,1,0,0
826,1,1,1,1,1,0,1,1,1,1,0,1,1,0,0,0.0827916610992031,risky,1,4,0,0
827,1,0,1,1,1,1,0,1,1,0,1,0,0,0,1,0.9993415794615811,risky,0,4,0,0
828,1,1,1,1,1,1,1,1,1,1,1,1,1,0,1,2.1948294866019067,risky,1,2,0,0
829,0,1,1,1,1,0,1,1,1,1,0,1,1,0,1,1.3583263711755889,risky,0,3,0,1
830,0,0,0,0,0,1,0,1,0,0,0,0,0,0,0,-3.000726981830737,safe,0,3,1,0
831,1,0,1,0,0,0,0,1,0,0,0,1,1,0,1,-0.06881729367358669,risky,1,1,0,0
832,0,0,0,0,0,0,0,1,0,0,1,0,0,0,0,-2.3989094213310422,safe,0,3,0,0
833,0,1,1,0,0,1,1,0,0,0,0,1,0,0,1,-1.5137228621355834,safe,1,3,0,1
834,1,0,0,0,1,0,0,1,1,0,0,1,1,0,1,-1.5903162060633194,safe,0,4,1,0
835,1,0,1,0,0,0,1,0,1,1,0,1,0,0,0,0.7472617110649564,risky,1,1,1,1
836,0,1,0,1,0,0,0,0,1,1,1,0,1,1,0,1.3460172770107506,risky,1,0,0,0
837,1,1,1,1,0,0,1,1,0,1,1,0,1,1,0,1.6148168314348705,risky,0,2,0,0
838,1,1,0,0,1,0,0,0,1,0,1,1,0,0,0,-1.443566766688304,safe,0,1,0,0
839,1,0,1,1,1,1,1,1,1,1,1,1,1,1,1,1.0303432367595313,risky,0,4,0,0
840,0,1,1,0,0,0,0,1,1,0,0,0,0,0,0,-2.2044310883889535,safe,0,0,0,0
841,1,0,1,0,0,1,1,1,0,1,1,1,1,1,1,2.8516418833213475,risky,1,4,0,1
842,0,0,0,0,0,0,0,0,0,0,0,0,0,1,0,-0.9462881349699368,risky,0,1,1,0
843,0,0,0,0,0,0,0,1,0,0,0,1,1,0,0,-2.490552834784891,safe,0,1,0,1
844,1,1,0,1,1,1,1,1,1,1,1,0,1,1,1,1.5934329248550465,risky,1,1,0,1
845,0,1,0,0,0,0,0,1,0,0,1,0,0,0,0,-2.348409973302876,safe,0,0,0,0
846,1,1,1,1,0,0,1,0,0,1,0,0,1,0,1,-0.1800828977497958,risky,1,0,0,0
847,1,1,1,1,1,1,0,1,0,1,1,1,1,1,0,0.19894482380067674,risky,1,0,0,0
848,0,1,0,0,1,0,0,1,1,0,0,0,1,1,0,-2.501732849007287,safe,0,1,0,0
849,1,0,1,1,0,1,0,0,0,0,1,0,1,1,0,1.4519750793943875,risky,0,3,1,1
850,0,0,0,0,0,0,0,0,0,0,0,0,0,1,1,-2.1326922040263248,safe,1,0,0,0
851,0,1,1,1,0,0,0,0,0,0,0,1,0,0,1,-0.6360161191629239,risky,0,4,0,0
852,0,0,1,0,0,0,0,1,1,0,0,1,0,1,0,-2.1907415990008263,safe,1,0,1,1
853,0,0,1,0,0,0,0,0,0,0,0,1,0,0,0,-2.4703676186325536,safe,1,1,0,0
854,1,0,0,0,0,0,0,0,0,0,0,0,0,1,0,-3.31900907640419,safe,0,0,0,1
855,1,1,1,1,0,1,1,0,1,1,1,1,1,1,1,2.268074385818707,risky,1,2,0,0
856,1,1,0,0,0,0,0,0,1,0,1,0,0,1,0,-1.9736392285002582,risky,1,4,0,0
857,1,1,0,1,1,1,1,0,0,1,0,0,0,0,0,0.4810641150899454,risky,1,4,0,0
858,0,1,0,0,0,0,0,1,0,0,0,0,0,0,1,-2.544274965171607,safe,0,2,0,1
859,0,0,0,0,0,0,0,0,0,0,0,0,0,1,1,-1.7757211359679639,safe,1,2,0,1
860,1,0,0,1,0,0,0,0,0,0,1,0,1,0,0,-1.8980640219124805,safe,0,0,0,0
861,1,0,0,0,0,0,0,0,0,1,0,1,0,0,0,-2.051112504291545,safe,0,1,0,0
862,0,0,1,0,0,0,0,0,0,0,1,0,1,0,0,-1.6872742940786079,safe,1,4,0,0
863,1,1,1,0,1,0,0,1,0,0,0,0,0,0,0,-2.180501562900142,safe,0,4,0,0
864,0,0,1,0,0,0,1,0,0,1,1,0,0,1,0,-0.01786591686706751,risky,1,4,1,0
865,1,0,1,0,0,1,0,1,1,0,0,0,1,1,1,0.07438299424510231,risky,1,3,0,0
866,0,1,0,0,0,1,0,1,0,0,1,0,0,1,0,-2.0111402735574706,safe,1,4,0,1
867,0,1,0,0,0,0,0,1,0,0,1,0,0,0,1,-2.611622365932792,safe,1,4,0,0
868,1,0,0,0,1,0,0,1,0,0,0,0,0,1,0,-2.7991793972799552,safe,1,2,1,0
869,1,0,0,1,0,1,0,1,0,0,1,0,0,1,0,-0.884262931278843,safe,1,0,0,0
870,1,1,0,0,1,1,1,0,0,0,1,1,1,0,1,1.314877370291885,risky,1,0,0,0
871,0,1,1,0,1,0,0,0,0,0,0,0,0,0,0,-2.3063116134575683,safe,0,1,0,0
872,1,1,1,0,0,0,0,0,0,0,0,1,0,0,0,-0.9981218857455287,risky,0,3,0,0
873,0,0,0,0,1,0,0,1,0,0,0,0,0,0,0,-3.0696487039836415,risky,1,2,1,0
874,1,1,0,1,1,1,1,0,1,1,1,1,1,0,1,2.298016305640423,risky,0,0,0,0
875,0,1,0,0,0,0,1,1,0,0,0,0,0,1,0,-3.0007935395259127,safe,0,3,1,0
876,1,1,0,1,1,0,1,0,1,1,1,1,1,1,1,1.500675008114948,risky,1,1,0,0
877,0,0,0,0,0,1,0,0,1,1,1,0,0,0,1,-1.4249785048172643,safe,0,2,0,0
878,0,0,0,0,1,0,0,1,0,0,1,0,0,0,1,-1.1404621583801229,risky,0,4,1,0
879,0,1,0,0,0,1,0,0,0,0,0,1,0,1,0,-1.9236714065661507,safe,1,2,0,1
880,0,0,0,0,0,0,0,1,0,0,0,0,0,0,0,-1.9582148719859163,safe,1,2,0,0
881,0,0,0,0,1,0,0,1,0,0,1,0,0,1,0,-1.3886595983187973,safe,1,1,0,0
882,1,0,0,1,1,0,1,0,1,0,1,1,1,0,1,0.9971433151821989,risky,1,3,0,0
883,0,0,1,0,0,0,0,1,0,0,0,0,0,1,0,-1.5190601802874555,safe,1,4,0,1
884,0,1,1,0,0,0,0,1,0,0,0,0,0,1,0,-2.782946872653871,safe,0,1,0,1
885,0,0,0,0,1,0,0,0,0,0,1,0,0,1,0,-2.1040917639764594,safe,1,1,1,1
886,0,0,0,0,1,1,0,1,0,1,1,0,0,0,0,-1.909948187824355,safe,1,1,0,1
887,0,1,0,0,0,0,0,1,0,0,0,0,1,0,0,-2.5974831821443107,safe,1,0,0,0
888,1,1,0,0,1,1,1,1,0,1,1,1,1,1,0,0.07788001309383435,risky,0,2,0,0
889,0,0,1,1,0,0,1,1,0,1,0,0,0,0,0,-2.569401714549392,safe,0,2,0,0
890,1,1,1,1,0,0,1,0,1,1,1,1,0,0,1,2.1456473562217986,risky,0,4,1,1
891,0,0,0,0,1,1,0,0,0,0,0,1,0,0,1,-1.6563925068143577,safe,0,2,0,0
892,0,0,1,0,1,0,0,1,0,0,0,0,0,1,1,-2.155795306697379,safe,1,4,0,0
893,1,0,1,1,1,1,1,1,1,1,0,1,0,1,0,3.5082304696371898,risky,1,0,0,0
894,0,0,0,0,0,0,0,1,0,0,0,0,0,1,1,-2.3231213036908533,safe,1,1,0,0
895,0,1,0,0,0,0,0,1,1,0,0,0,0,0,1,-1.853845043150568,safe,1,3,0,0
896,1,0,1,0,0,0,0,1,0,0,0,1,0,0,1,-2.315089515892282,safe,1,4,0,1
897,1,1,1,1,1,1,1,0,1,1,0,0,1,0,1,0.9983142761456308,risky,0,0,0,0
898,0,0,1,0,1,0,0,1,0,0,0,0,0,1,0,-2.404837811674401,safe,1,1,0,0
899,1,0,1,1,1,1,1,0,1,1,0,0,0,1,1,1.8193503785292262,risky,0,1,0,0
900,1,0,1,0,1,1,1,0,1,1,1,0,1,1,0,0.8573616881467452,risky,0,1,1,1
901,0,1,1,0,0,0,0,1,0,0,0,0,0,0,0,-2.9160263707348824,safe,0,0,0,0
902,0,0,1,0,0,0,0,1,0,0,0,1,0,0,1,-2.0979843292300107,safe,0,1,0,0
903,1,1,1,0,1,1,1,0,1,1,0,0,0,0,0,0.4095687031657701,risky,1,3,0,0
904,0,0,1,0,1,0,0,1,1,1,1,1,1,1,1,1.3764366204258027,risky,1,4,1,0
905,0,1,1,0,0,0,0,0,0,0,0,0,0,0,0,-0.6518374666904285,risky,0,3,1,1
906,0,0,1,1,1,1,0,0,0,0,1,0,0,0,1,-2.0213645550312647,safe,1,3,0,0
907,1,0,0,0,1,0,0,0,0,0,0,0,0,1,0,-1.6054462160789005,safe,1,1,0,0
908,0,1,0,0,0,0,0,0,0,1,0,1,1,0,1,-1.5363136021632813,risky,1,1,0,0
909,0,0,1,0,1,0,0,1,0,0,0,1,1,0,1,-2.136753125570369,safe,0,1,0,1
910,1,1,0,1,1,1,0,1,0,1,1,1,0,0,1,0.18503102093365986,risky,1,3,1,0
911,0,0,0,0,0,0,0,0,0,0,0,0,0,0,0,-1.7550133412148372,safe,0,3,0,1
912,0,1,0,1,0,1,0,0,0,0,0,0,0,0,1,-2.7355474362817445,safe,1,4,0,0
913,1,0,1,1,1,0,1,0,1,1,1,1,0,1,1,2.379015841962535,risky,0,2,0,0
914,1,0,1,1,0,0,1,1,1,1,1,1,1,1,1,1.0527213068858137,risky,0,0,0,0
915,0,1,0,0,0,0,0,0,1,0,0,1,0,1,0,-1.7580310812706925,safe,1,3,0,1
916,0,0,0,0,0,0,1,0,0,0,1,1,0,0,0,-0.007642220274923117,risky,0,0,1,0
917,0,1,0,0,1,0,0,0,0,0,0,1,1,1,1,-1.9937236551460458,safe,0,0,0,0
918,0,1,0,0,1,0,1,1,1,1,1,0,0,1,1,0.9919666344689575,risky,0,4,0,0
919,0,0,1,1,0,0,1,0,0,0,0,1,1,0,0,-1.1298870217787556,safe,0,4,0,0
920,1,0,0,1,1,0,0,1,1,0,0,0,0,0,1,-2.249098688315451,safe,1,2,0,0
921,0,0,0,0,0,0,0,0,0,0,0,1,1,1,0,-1.1408518619598274,risky,0,1,0,1
922,1,1,0,0,0,0,1,1,0,0,0,0,0,0,0,-2.0038581454692403,safe,1,4,0,1
923,1,0,1,0,1,1,1,1,1,0,0,1,0,0,0,0.12391437536375166,risky,1,4,0,0
924,1,1,1,1,1,0,1,0,1,0,0,0,1,0,1,0.8656636772178836,risky,1,2,1,0
925,1,1,1,0,0,1,0,0,0,1,0,0,0,0,0,-1.9167641660656702,safe,1,2,0,0
926,0,1,1,1,0,0,1,0,0,0,0,0,0,0,0,-1.075136384871199,risky,0,2,0,0
927,1,1,1,1,1,1,1,1,1,1,1,0,1,0,1,1.5673759789507007,risky,0,0,0,0
928,0,0,0,0,1,0,0,0,0,0,0,0,0,1,0,-2.1843839826283724,safe,1,0,0,0
929,0,1,1,0,0,1,1,0,0,1,0,1,0,0,0,-0.3407020515558342,risky,0,2,0,0
930,0,1,0,1,0,0,1,0,1,1,0,1,1,1,0,0.44822595888150984,risky,1,2,0,0
931,1,1,1,1,1,1,0,0,0,0,1,0,1,0,1,0.6760592096322057,risky,1,0,0,0
932,1,0,1,1,1,1,0,0,0,0,1,1,0,0,0,-1.4498859471283951,safe,0,2,1,0
933,0,1,1,0,0,0,0,0,0,0,0,0,0,1,1,-1.5250973327786213,risky,1,3,0,0
934,0,0,0,1,0,0,0,1,0,0,0,0,1,0,0,-2.778083320735254,safe,1,3,0,0
935,0,0,0,0,0,0,0,0,0,0,0,0,0,0,1,-2.3381075146842196,safe,1,1,0,0
936,1,0,0,0,0,1,0,1,1,0,0,0,0,1,1,-2.3523886393750915,safe,1,3,1,0
937,0,0,0,0,0,0,0,0,0,0,0,0,0,0,1,-2.638737241441497,safe,0,0,0,0
938,0,0,0,0,0,0,0,0,0,0,0,0,0,1,0,-2.9195563351741436,safe,0,0,0,0
939,1,0,1,1,1,0,1,0,1,0,1,1,1,0,1,1.6828921817084788,risky,0,1,0,0
940,0,0,0,0,0,0,0,0,0,1,0,0,0,0,0,-2.266269651664353,safe,1,0,0,0
941,0,1,0,1,1,0,0,1,0,0,1,0,1,0,1,-1.5030011692678773,safe,0,0,1,0
942,1,1,1,1,0,0,0,1,0,0,1,1,1,1,1,1.2301302263304044,risky,0,2,0,0
943,1,1,0,0,0,0,0,1,1,0,0,1,0,0,1,-0.5768432061250268,risky,1,2,0,0
944,0,0,0,0,0,0,0,0,0,0,1,0,0,0,0,-2.3317810278251656,safe,1,1,0,0
945,1,1,0,0,0,1,0,1,0,0,0,1,0,0,0,-0.6168034680610324,risky,0,0,0,0
946,1,0,0,0,0,0,0,1,0,0,1,1,0,0,0,-2.6598311287034995,safe,0,4,0,0
947,0,0,1,0,1,1,1,0,0,1,0,1,0,0,0,-1.653222404071796,risky,0,4,0,1
948,0,0,0,0,0,0,0,1,0,0,0,0,0,0,0,-2.175719464679202,safe,1,1,0,1
949,0,1,0,1,0,1,1,0,1,0,1,1,1,1,1,1.3212078455978356,risky,1,0,0,1
950,1,1,0,1,1,0,1,0,1,0,1,1,1,0,1,1.0950217298880556,risky,1,0,1,0
951,0,0,0,0,0,0,0,1,0,0,0,1,0,0,1,-2.713459136450351,safe,1,1,0,0
952,0,0,1,0,0,0,1,0,0,0,0,1,0,0,0,-2.3495130078941067,safe,1,1,0,0
953,1,1,1,0,0,0,0,0,0,0,1,0,0,0,0,-1.903364486082777,safe,1,4,0,0
954,0,0,0,0,0,0,0,0,0,0,0,1,1,1,0,-2.5527048017936353,safe,1,2,1,0
955,0,1,0,0,0,0,0,0,1,0,0,0,0,1,1,-2.357085452834791,risky,1,2,0,0
956,1,1,1,1,1,0,1,1,0,1,0,0,0,0,0,-0.9877950941415203,risky,1,3,0,1
957,0,0,1,0,0,1,0,1,1,0,1,0,0,1,0,-2.056458026676132,safe,1,1,0,1
958,0,0,0,0,0,0,0,0,1,1,1,0,0,0,1,-2.393851289074723,safe,1,4,0,0
959,1,0,1,1,1,1,1,0,1,1,1,1,0,1,1,1.8916574367658932,risky,1,0,0,0
960,0,0,0,0,0,0,0,0,0,0,0,0,0,1,0,-1.4139933947698058,safe,1,1,0,1
961,0,0,0,0,1,0,1,0,0,0,0,0,1,1,1,-2.4539343032432592,safe,1,0,0,0
962,1,1,0,1,0,1,1,0,1,1,0,0,0,0,1,-0.2374685645840643,risky,0,0,0,0
963,0,1,0,0,0,0,0,0,0,0,0,0,0,0,0,-3.0142110024180564,safe,1,2,0,0
964,1,1,1,0,1,1,0,1,1,1,0,0,1,1,1,0.4919890295041474,risky,1,0,0,0
965,0,1,0,0,0,1,0,0,0,0,1,0,0,1,0,-2.3227695706835636,safe,1,3,0,0
966,0,0,0,0,1,1,0,1,0,0,0,1,1,0,0,-1.5680865990616661,safe,0,1,0,0
967,0,0,0,0,0,1,0,1,0,0,1,0,1,0,0,-1.9265748847735058,safe,0,0,0,0
968,0,0,1,1,0,0,1,1,0,0,0,0,1,0,0,-1.1620378478933369,risky,1,1,1,0
969,0,0,0,0,0,0,0,0,0,0,0,0,0,0,1,-2.066119122525646,safe,1,2,0,1
970,1,1,0,1,0,0,1,0,1,0,1,1,1,1,0,2.908054750307572,risky,1,1,1,0
971,0,1,1,0,1,1,1,1,0,1,1,0,1,0,0,1.7517544757848635,risky,1,2,0,0
972,0,0,0,0,0,0,0,0,0,0,0,0,1,0,0,-2.378137682095921,safe,1,1,0,0
973,1,0,1,1,0,1,0,0,1,1,1,1,1,1,0,1.415403123709781,risky,1,1,0,0
974,0,0,0,0,0,0,0,1,1,0,1,0,0,1,0,-2.1861605396374224,safe,0,2,0,0
975,0,1,1,0,0,0,0,1,1,0,0,0,0,0,0,-2.3105362175912028,safe,0,4,0,0
976,0,1,0,0,0,0,1,1,0,0,1,0,1,1,1,0.17121970366227274,risky,0,3,0,1
977,0,1,1,0,1,1,0,1,0,0,0,0,1,0,0,-1.4601152383165121,safe,0,1,0,0
978,1,0,0,0,0,0,1,1,1,0,0,1,1,0,0,-1.023552386902521,safe,0,2,0,0
979,0,0,0,0,1,0,0,1,0,0,1,1,0,0,0,-1.8757456279644142,safe,0,0,1,0
980,0,0,0,0,1,1,0,1,0,0,0,1,1,0,1,-1.2354182592559173,safe,0,2,0,0
981,0,0,0,0,0,0,1,1,0,0,0,1,0,1,1,-1.4581288082089499,safe,0,3,0,0
982,1,0,0,0,0,0,1,0,0,0,0,0,0,0,1,-2.508911466604457,safe,1,0,0,0
983,0,0,0,0,0,1,1,0,0,0,0,1,0,0,0,-1.3442713009105287,safe,1,4,0,1
984,0,0,0,0,1,0,1,0,0,1,1,1,0,1,0,-1.404004329229819,safe,0,2,0,1
985,1,1,1,1,1,1,0,0,1,1,1,1,1,1,1,3.6150404361371047,risky,1,3,0,0
986,0,1,1,0,0,1,1,0,0,0,1,1,1,0,0,-2.033797367767324,safe,0,2,0,0
987,1,1,1,1,0,1,1,0,1,0,1,1,1,0,1,1.175887543343332,risky,1,2,1,0
988,0,0,0,0,1,0,0,1,0,0,0,0,0,0,0,-3.3715043673819567,safe,1,4,0,0
989,0,0,1,0,0,1,1,1,0,0,0,0,0,1,0,-1.0317513246726624,safe,1,3,1,1
990,0,1,1,0,0,0,1,1,0,0,0,1,0,0,0,-1.4262712436348026,safe,1,0,0,0
991,0,1,0,0,0,0,0,1,0,0,0,0,0,0,0,-1.9965493283920086,safe,1,4,0,0
992,0,0,0,0,1,0,0,0,0,0,0,0,0,0,0,-2.4057772083878057,safe,1,1,0,1
993,1,0,0,0,1,0,0,0,0,0,0,1,0,1,0,-2.448371831713451,safe,0,3,0,0
994,0,1,0,0,0,0,0,0,0,0,0,0,1,0,0,-2.1591540561144034,safe,1,0,0,0
995,1,0,1,1,1,1,0,0,1,1,1,0,1,1,1,1.9971012680548619,risky,0,3,0,0
996,0,0,0,0,0,0,0,0,0,0,0,0,1,0,0,-2.176209019760736,safe,0,2,0,0
997,1,1,0,1,1,0,0,0,1,1,0,1,0,0,1,-0.7879456261826527,safe,0,3,0,0
998,0,0,1,1,0,0,0,1,0,0,0,1,1,1,0,0.23012949661023313,risky,0,4,1,1
999,0,0,0,0,0,1,0,0,0,0,0,0,0,0,0,-2.623063907973317,safe,0,4,0,0
